CLID,PDB,CHAIN,MUT,DDG,pH,T
1A23A,1FVK,A,C30S,-1.79,7.50,25.00
1A23A,1FVK,A,C33S,-1.15,7.50,25.00
1A23A,1FVK,A,H32L,5.30,7.00,30.00
1A23A,1FVK,A,H32S,5.20,7.00,30.00
1A23A,1FVK,A,H32Y,6.80,7.00,30.00
1A43A,1A43,A,C218S,-3.70,7.30,25.00
1A43A,1A43,A,E159D,-4.55,7.30,25.00
1A43A,1A43,A,G156A,-2.40,7.30,25.00
1A43A,1A43,A,R167A,-4.55,7.30,25.00
1A43A,1A43,A,W184A,-0.70,7.30,25.00
1A5EA,1A5E,A,L121R,0.55,8.50,20.00
1A5EA,1A5E,A,L37S,0.81,8.50,20.00
1A5EA,1A5E,A,W15D,0.19,8.50,20.00
1A5EA,1IHB,A,F37H,-0.66,7.50,25.00
1A5EA,1IHB,A,F71N,0.46,7.50,25.00
1A5EA,1IHB,A,F82Q,-0.37,7.50,25.00
1A5EA,1IHB,A,F92N,-0.71,7.50,25.00
1A5EA,1IHB,A,R55V,-0.15,7.50,25.00
1AARA,1OTR,B,E34D,-1.00,5.00,25.00
1AARA,1OTR,B,E34L,0.96,5.00,25.00
1AARA,1OTR,B,E34S,-0.60,5.00,25.00
1AARA,1OTR,B,K11A,-0.14,5.00,25.00
1AARA,1OTR,B,I30F,-3.32,3.00,50.00
1AARA,1OTR,B,I30L,-1.96,3.00,50.00
1AARA,1OTR,B,I30V,-1.58,3.00,50.00
1AARA,1OTR,B,I36F,-0.86,3.00,50.00
1AARA,1OTR,B,I36L,-1.32,3.00,50.00
1AARA,1OTR,B,I36V,-0.79,3.00,50.00
1AARA,1UBQ,A,E18D,-0.08,3.00,25.00
1AARA,1UBQ,A,F45W,0.46,5.00,25.00
1AARA,1UBQ,A,H68E,0.77,5.00,25.00
1AARA,1UBQ,A,H68Q,0.55,5.00,25.00
1AARA,1UBQ,A,K27Q,-1.91,5.00,25.00
1AARA,1UBQ,A,K29N,-1.48,5.00,25.00
1AARA,1UBQ,A,K29Q,-1.67,5.00,25.00
1AARA,1UBQ,A,K6E,0.53,5.00,25.00
1AARA,1UBQ,A,K6Q,0.26,5.00,25.00
1AARA,1UBQ,A,R42E,1.63,5.00,25.00
1AARA,1UBQ,A,R72Q,-0.33,5.00,25.00
1ACBI,1CSE,I,L27A,-0.16,7.00,25.00
1ACBI,1CSE,I,V14A,-1.04,7.00,25.00
1ACBI,1CSE,I,V18A,-1.20,7.00,25.00
1ACBI,1CSE,I,V54A,-1.58,7.00,25.00
1ACBI,1CSE,I,V62A,-1.01,7.00,25.00
1AG2A,1AG2,A,F175W,-0.05,7.00,22.00
1AG2A,1AG2,A,E200K,-0.23,7.00,25.00
1AG2A,1AG2,A,F198S,-2.15,7.00,25.00
1AG2A,1AG2,A,M129V,-0.11,7.00,25.00
1AG2A,1AG2,A,Q217R,-1.88,7.00,25.00
1AG2A,1AG2,A,R208H,-1.05,7.00,25.00
1AG2A,1AG2,A,T183A,-4.04,7.00,25.00
1AG2A,1AG2,A,T190V,0.19,7.00,25.00
1AG2A,1AG2,A,V180I,-0.25,7.00,25.00
1AG2A,1AG2,A,V210I,-0.07,7.00,25.00
1AKYA,1AKY,A,I213F,-1.91,7.50,25.00
1AKYA,1AKY,A,N169D,-2.15,7.50,25.00
1AKYA,1AKY,A,Q48E,-0.96,7.70,25.00
1AKYA,1AKY,A,T110H,-2.13,6.30,25.00
1AKYA,1AKY,A,T77H,-0.90,6.40,25.00
1AKYA,1AKY,A,V8I,-1.20,7.50,25.00
1AKYA,1ANK,A,D84H,-1.40,7.20,51.80
1AKYA,1ANK,A,F86L,-0.80,7.20,51.80
1AKYA,1ANK,A,G85V,-2.40,7.20,51.80
1AKYA,1ANK,A,R88G,-0.10,7.40,51.80
1AM7A,1AM7,A,H31D,-1.60,7.00,25.00
1AM7A,1AM7,A,H48N,-5.00,7.00,25.00
1AMQA,1AMQ,A,C191A,-1.12,7.50,25.00
1AMQA,1AMQ,A,C191F,-0.90,7.50,25.00
1AMQA,1AMQ,A,C191G,-0.02,7.50,25.00
1AMQA,1AMQ,A,C191R,-1.69,7.50,25.00
1AMQA,1AMQ,A,C191S,-1.44,7.50,25.00
1AMQA,1AMQ,A,C191W,-2.25,7.50,25.00
1AMQA,1AMQ,A,C191Y,-1.05,7.50,25.00
1AMQA,1AMQ,A,C192A,-1.21,7.50,25.00
1AMQA,1AMQ,A,C192S,-0.99,7.50,25.00
1AMQA,1AMQ,A,C270A,-1.68,7.50,25.00
1AMQA,1AMQ,A,C401A,1.06,7.50,25.00
1AMQA,1AMQ,A,C401S,-1.79,7.50,25.00
1AMQA,1AMQ,A,C82A,-0.45,7.50,25.00
1AMQA,1AMQ,A,C82S,-2.44,7.50,25.00
1AONU,1AON,U,I3C,-0.44,7.80,25.00
1AONU,1AON,U,I3W,-0.25,7.80,25.00
1AONU,1AON,U,I48W,-0.20,7.80,25.00
1AONU,1AON,U,V95C,-0.25,7.80,25.00
1APSA,1APS,A,A30G,-1.65,5.50,28.00
1APSA,1APS,A,E83D,-1.51,5.50,28.00
1APSA,1APS,A,F22L,-1.29,5.50,28.00
1APSA,1APS,A,G45A,-1.73,5.50,28.00
1APSA,1APS,A,I75V,-1.41,5.50,28.00
1APSA,1APS,A,I86V,-1.57,5.50,28.00
1APSA,1APS,A,L89A,-1.67,5.50,28.00
1APSA,1APS,A,T42A,-1.84,5.50,28.00
1APSA,1APS,A,T78S,-1.41,5.50,28.00
1APSA,1APS,A,V13A,-2.63,5.50,28.00
1APSA,1APS,A,V17A,-1.84,5.50,28.00
1APSA,1APS,A,V20A,-0.28,5.50,28.00
1APSA,1APS,A,V36A,-2.54,5.50,28.00
1APSA,1APS,A,V39A,-1.63,5.50,28.00
1APSA,1APS,A,V47A,-1.87,5.50,28.00
1APSA,1APS,A,V51A,-1.88,5.50,28.00
1APSA,1APS,A,W38F,-0.02,5.50,28.00
1APSA,1APS,A,W64A,-1.50,5.50,28.00
1APSA,1APS,A,Y11F,1.04,5.50,28.00
1APSA,1APS,A,Y11I,-2.24,5.50,28.00
1APSA,1APS,A,Y25A,0.10,5.50,28.00
1ARRA,1ARR,A,D20G,-1.35,7.50,25.00
1ARRA,1ARR,A,E17G,-0.57,7.50,25.00
1ARRA,1ARR,A,E27G,-0.43,7.50,25.00
1ARRA,1ARR,A,E28G,-0.84,7.50,25.00
1ARRA,1ARR,A,E48G,-1.14,7.50,25.00
1ARRA,1ARR,A,K24G,-1.23,7.50,25.00
1ARRA,1ARR,A,K24T,-0.60,7.50,25.00
1ARRA,1ARR,A,K46G,-0.73,7.50,25.00
1ARRA,1ARR,A,K47G,-0.57,7.50,25.00
1ARRA,1ARR,A,L19Q,-0.90,7.50,25.00
1ARRA,1ARR,A,N34G,0.23,7.50,25.00
1ARRA,1ARR,A,Q39G,-0.65,7.50,25.00
1ARRA,1ARR,A,Q9G,0.22,7.50,25.00
1ARRA,1ARR,A,R13G,0.27,7.50,25.00
1ARRA,1ARR,A,R16G,-0.64,7.50,25.00
1ARRA,1ARR,A,R23G,-1.04,7.50,25.00
1ARRA,1ARR,A,S35G,-0.24,7.50,25.00
1AZPA,1AZP,A,V30I,0.70,7.00,50.00
1AZPA,1SSO,A,I29V,-0.40,7.00,50.00
1B26A,1B26,A,E231A,-0.49,7.00,39.00
1B26A,1B26,A,K193A,0.38,7.00,39.00
1B26A,1B26,A,R190A,-0.36,7.00,39.00
1B8EA,1B8E,A,W19Y,-3.45,7.10,30.00
1BNIA,1BNI,A,A32C,-1.42,6.30,25.00
1BNIA,1BNI,A,A32D,-0.56,6.30,25.00
1BNIA,1BNI,A,A32E,-0.24,6.30,25.00
1BNIA,1BNI,A,A32F,-0.56,6.30,25.00
1BNIA,1BNI,A,A32G,-0.82,6.30,25.00
1BNIA,1BNI,A,A32H,-0.75,6.30,25.00
1BNIA,1BNI,A,A32I,-0.74,6.30,25.00
1BNIA,1BNI,A,A32K,-0.15,6.30,25.00
1BNIA,1BNI,A,A32L,-0.11,6.30,25.00
1BNIA,1BNI,A,A32M,-0.19,6.30,25.00
1BNIA,1BNI,A,A32N,-0.51,6.30,25.00
1BNIA,1BNI,A,A32Q,-0.43,6.30,25.00
1BNIA,1BNI,A,A32R,-0.15,6.30,25.00
1BNIA,1BNI,A,A32S,-0.28,6.30,25.00
1BNIA,1BNI,A,A32T,-0.64,6.30,25.00
1BNIA,1BNI,A,A32V,-0.62,6.30,25.00
1BNIA,1BNI,A,A32W,-1.07,6.30,25.00
1BNIA,1BNI,A,A32Y,-0.75,6.30,25.00
1BNIA,1BNI,A,D12A,-0.09,6.30,25.00
1BNIA,1BNI,A,D12G,-0.76,5.30,25.00
1BNIA,1BNI,A,D12S,-0.77,6.30,25.00
1BNIA,1BNI,A,D22M,-0.27,4.40,25.00
1BNIA,1BNI,A,D44E,-0.11,6.30,25.00
1BNIA,1BNI,A,D54A,-3.04,6.30,25.00
1BNIA,1BNI,A,D54N,-2.42,6.00,25.00
1BNIA,1BNI,A,D8A,-0.80,5.90,25.00
1BNIA,1BNI,A,D8G,-1.23,6.30,25.00
1BNIA,1BNI,A,D8S,-0.84,6.30,25.00
1BNIA,1BNI,A,D93N,-4.03,6.30,25.00
1BNIA,1BNI,A,E29A,-1.28,6.30,25.00
1BNIA,1BNI,A,E29G,-1.91,6.30,25.00
1BNIA,1BNI,A,E29Q,-0.11,6.30,25.00
1BNIA,1BNI,A,E29S,-1.22,6.30,25.00
1BNIA,1BNI,A,E73A,-2.40,6.30,25.00
1BNIA,1BNI,A,E73F,-2.10,6.30,25.00
1BNIA,1BNI,A,E73Q,-2.70,6.30,25.00
1BNIA,1BNI,A,E73W,-2.20,6.30,25.00
1BNIA,1BNI,A,F7L,-4.35,6.20,25.00
1BNIA,1BNI,A,G34A,-2.91,6.30,25.00
1BNIA,1BNI,A,G34D,-3.30,6.30,25.00
1BNIA,1BNI,A,G34H,-2.62,6.60,25.00
1BNIA,1BNI,A,G34K,-2.91,6.30,25.00
1BNIA,1BNI,A,G34N,-2.72,6.30,25.00
1BNIA,1BNI,A,G34R,-2.61,6.30,25.00
1BNIA,1BNI,A,G34S,-3.05,6.30,25.00
1BNIA,1BNI,A,G34T,-3.28,6.30,25.00
1BNIA,1BNI,A,G65S,0.74,6.30,25.00
1BNIA,1BNI,A,H102A,-0.24,6.30,25.00
1BNIA,1BNI,A,H18A,-1.99,6.30,25.00
1BNIA,1BNI,A,H18D,-2.38,6.30,25.00
1BNIA,1BNI,A,H18G,-0.65,6.60,25.00
1BNIA,1BNI,A,H18K,-1.05,6.30,25.00
1BNIA,1BNI,A,H18N,-1.74,6.30,25.00
1BNIA,1BNI,A,H18Q,-1.52,6.30,25.00
1BNIA,1BNI,A,H18R,-1.09,6.30,25.00
1BNIA,1BNI,A,H18S,-2.19,6.30,25.00
1BNIA,1BNI,A,I109A,-1.74,6.30,25.00
1BNIA,1BNI,A,I109V,-0.80,6.30,25.00
1BNIA,1BNI,A,I25A,-3.59,6.30,25.00
1BNIA,1BNI,A,I25V,-1.05,6.30,25.00
1BNIA,1BNI,A,I4A,-1.11,6.30,25.00
1BNIA,1BNI,A,I4V,-0.69,6.30,25.00
1BNIA,1BNI,A,I51A,-4.71,6.30,25.00
1BNIA,1BNI,A,I51V,-1.66,5.90,25.00
1BNIA,1BNI,A,I55A,-1.29,6.30,25.00
1BNIA,1BNI,A,I55T,-0.94,6.30,25.00
1BNIA,1BNI,A,I55V,-0.37,6.30,25.00
1BNIA,1BNI,A,I76A,-1.71,6.30,25.00
1BNIA,1BNI,A,I76T,-2.64,6.30,25.00
1BNIA,1BNI,A,I76V,-0.87,6.30,25.00
1BNIA,1BNI,A,I88L,-0.16,6.30,25.00
1BNIA,1BNI,A,K108R,0.84,6.30,25.00
1BNIA,1BNI,A,K19R,0.54,6.30,25.00
1BNIA,1BNI,A,K27A,0.44,6.30,25.00
1BNIA,1BNI,A,K27G,-0.30,6.30,25.00
1BNIA,1BNI,A,K62R,-0.35,6.30,25.00
1BNIA,1BNI,A,K66A,0.59,6.30,25.00
1BNIA,1BNI,A,L33Q,-1.34,6.30,25.00
1BNIA,1BNI,A,L89T,-2.82,6.30,25.00
1BNIA,1BNI,A,L89V,-0.30,6.30,25.00
1BNIA,1BNI,A,N23A,-2.27,6.30,25.00
1BNIA,1BNI,A,N41D,-2.54,6.30,25.00
1BNIA,1BNI,A,N58A,-2.27,6.30,25.00
1BNIA,1BNI,A,N58D,0.40,6.30,25.00
1BNIA,1BNI,A,N5A,-1.83,6.30,25.00
1BNIA,1BNI,A,N77A,-1.63,6.30,25.00
1BNIA,1BNI,A,N84A,-1.94,6.30,25.00
1BNIA,1BNI,A,Q104A,-0.13,6.30,25.00
1BNIA,1BNI,A,Q15I,1.19,6.30,25.00
1BNIA,1BNI,A,Q31A,-0.03,6.30,25.00
1BNIA,1BNI,A,Q31G,-1.04,6.30,25.00
1BNIA,1BNI,A,Q31S,0.00,6.30,25.00
1BNIA,1BNI,A,R110A,-0.10,6.30,25.00
1BNIA,1BNI,A,R59A,0.64,6.30,25.00
1BNIA,1BNI,A,R69K,-3.20,6.30,25.00
1BNIA,1BNI,A,R69M,-2.04,5.50,25.00
1BNIA,1BNI,A,R69S,-2.83,6.30,25.00
1BNIA,1BNI,A,R83K,-4.43,6.30,25.00
1BNIA,1BNI,A,R83Q,-1.47,5.50,25.00
1BNIA,1BNI,A,S28A,0.50,6.30,25.00
1BNIA,1BNI,A,S28E,0.50,6.30,25.00
1BNIA,1BNI,A,S28G,-0.47,6.30,25.00
1BNIA,1BNI,A,S57A,0.15,6.30,25.00
1BNIA,1BNI,A,S85A,0.08,6.30,25.00
1BNIA,1BNI,A,S91A,-1.84,5.70,25.00
1BNIA,1BNI,A,S92A,-2.89,5.90,25.00
1BNIA,1BNI,A,T105V,-2.21,6.30,25.00
1BNIA,1BNI,A,T16A,-0.38,6.30,25.00
1BNIA,1BNI,A,T16G,-1.48,6.30,25.00
1BNIA,1BNI,A,T16R,0.24,6.00,25.00
1BNIA,1BNI,A,T16S,-1.66,6.30,25.00
1BNIA,1BNI,A,T26A,-1.95,6.30,25.00
1BNIA,1BNI,A,T26D,-0.04,6.30,25.00
1BNIA,1BNI,A,T26E,-0.05,6.30,25.00
1BNIA,1BNI,A,T26G,-1.48,5.90,25.00
1BNIA,1BNI,A,T26N,-1.29,6.30,25.00
1BNIA,1BNI,A,T26Q,-1.72,6.30,25.00
1BNIA,1BNI,A,T26S,-0.56,6.30,25.00
1BNIA,1BNI,A,T26V,-2.31,6.30,25.00
1BNIA,1BNI,A,T6A,-2.21,6.30,25.00
1BNIA,1BNI,A,T6D,0.11,6.30,25.00
1BNIA,1BNI,A,T6E,-0.27,6.30,25.00
1BNIA,1BNI,A,T6G,-1.09,6.30,25.00
1BNIA,1BNI,A,T6H,-2.06,6.80,25.00
1BNIA,1BNI,A,T6N,-1.27,6.30,25.00
1BNIA,1BNI,A,T6Q,-1.87,6.30,25.00
1BNIA,1BNI,A,T6S,-0.22,6.30,25.00
1BNIA,1BNI,A,T79V,0.24,6.30,25.00
1BNIA,1BNI,A,T99V,-2.87,6.30,25.00
1BNIA,1BNI,A,V10A,-3.46,6.30,25.00
1BNIA,1BNI,A,V10T,-2.37,6.30,25.00
1BNIA,1BNI,A,V36A,-1.40,6.30,25.00
1BNIA,1BNI,A,V36T,-1.11,6.30,25.00
1BNIA,1BNI,A,V45A,-1.61,6.30,25.00
1BNIA,1BNI,A,V45T,-2.34,6.30,25.00
1BNIA,1BNI,A,W94F,-1.04,7.30,25.00
1BNIA,1BNI,A,W94L,-1.12,7.80,25.00
1BNIA,1BNI,A,W94Y,-1.24,7.30,25.00
1BNIA,1BNI,A,Y103F,-0.06,6.30,25.00
1BNIA,1BNI,A,Y13A,-3.49,6.30,25.00
1BNIA,1BNI,A,Y13F,-0.52,6.30,25.00
1BNIA,1BNI,A,Y17A,-2.12,6.30,25.00
1BNIA,1BNI,A,Y17F,-0.44,6.30,25.00
1BNIA,1BNI,A,Y17G,-4.02,6.30,25.00
1BNIA,1BNI,A,Y17S,-2.28,6.30,25.00
1BNIA,1BNI,A,Y24F,0.05,6.30,25.00
1BNIA,1BNI,A,Y78F,-1.35,6.30,25.00
1BNIA,1BNI,A,I96V,-0.97,5.90,28.10
1BNIA,1BNI,A,I96A,-3.31,6.30,28.40
1BNIA,1BNI,A,I88V,-1.41,6.10,29.00
1BNIA,1BNI,A,L14A,-4.51,6.30,29.60
1BNIA,1BNI,A,I88A,-4.01,6.30,29.90
1BNIA,1BNI,A,G53A,-3.40,6.30,54.10
1BOYA,1BOY,A,R200W,0.60,7.50,23.00
1BPIA,5PTI,A,Y21A,-3.90,2.00,20.00
1BPIA,5PTI,A,F22A,-1.11,2.00,22.70
1BPIA,5PTI,A,G37A,-3.01,5.50,23.90
1BPIA,5PTI,A,A16T,-1.70,8.70,25.00
1BPIA,5PTI,A,A16V,-1.30,8.70,25.00
1BPIA,5PTI,A,F33I,-2.40,8.70,25.00
1BPIA,5PTI,A,F33L,-2.70,8.70,25.00
1BPIA,5PTI,A,F4L,-2.20,8.70,25.00
1BPIA,5PTI,A,G12D,-4.30,8.70,25.00
1BPIA,5PTI,A,G12V,-4.10,8.70,25.00
1BPIA,5PTI,A,G36D,-2.80,8.70,25.00
1BPIA,5PTI,A,G37D,-1.70,8.70,25.00
1BPIA,5PTI,A,N44G,-4.70,2.00,25.00
1BPIA,5PTI,A,Y10L,-2.90,8.70,25.00
1BPIA,5PTI,A,Y21L,-3.40,8.70,25.00
1BPIA,5PTI,A,Y35A,-4.70,8.70,25.00
1BPIA,5PTI,A,Y35D,-3.80,8.70,25.00
1BPIA,5PTI,A,Y35F,-0.60,8.70,25.00
1BPIA,5PTI,A,Y35G,-5.00,5.40,25.00
1BPIA,5PTI,A,Y35N,-3.70,8.70,25.00
1BPIA,5PTI,A,G36S,-0.70,4.60,72.60
1BRFA,1IRO,A,I33L,0.76,9.10,107.00
1BRFA,1IRO,A,V24I,0.36,9.10,107.00
1BTAA,1BTA,A,C40A,0.10,7.00,25.00
1BTAA,1BTA,A,C82A,-0.10,7.20,25.00
1BTAA,1BTA,A,E57K,-0.70,8.00,25.00
1BTAA,1BTA,A,K21A,-1.04,8.00,25.00
1BTAA,1BTA,A,K21Q,-1.09,8.00,25.00
1BTAA,1BTA,A,K22Q,-0.79,8.00,25.00
1BTAA,1BTA,A,K60E,-1.17,8.00,25.00
1BTAA,1BTA,A,K60L,0.55,8.00,25.00
1BTAA,1BTA,A,K78A,-0.05,8.00,25.00
1BTAA,1BTA,A,K78Q,0.38,8.00,25.00
1BTAA,1BTA,A,R75L,0.75,8.00,25.00
1BTAA,1BTA,A,R75Q,-0.37,8.00,25.00
1BVCA,1BVC,A,F123T,-2.62,7.50,0.00
1BVCA,1BVC,A,H113Q,-0.26,7.00,0.00
1BVCA,1BVC,A,H119F,-0.68,7.00,0.00
1BVCA,1BVC,A,H24V,-0.52,7.00,0.00
1BVCA,1BVC,A,H48Q,-0.62,7.00,0.00
1BVCA,1BVC,A,H64Q,-0.45,7.00,0.00
1BVCA,1BVC,A,H82Q,-0.05,7.00,0.00
1BVCA,1BVC,A,H93G,0.04,7.00,0.00
1BVCA,1BVC,A,H36Q,-0.83,7.80,3.70
1BVCA,1BVC,A,A130K,-2.17,7.80,3.80
1BVCA,1BVC,A,A130L,-0.99,7.80,3.80
1BVCA,1BVC,A,F123K,-2.10,7.80,4.00
1BVCA,1BVC,A,M131A,-2.20,7.80,4.00
1BVCA,1BVC,A,V68T,-0.60,7.80,4.00
1BVCA,1BVC,A,W14F,-1.10,7.80,4.00
1BVCA,1BVC,A,W7F,-0.90,7.80,4.00
1BVCA,1BVC,A,I30A,-0.65,5.20,25.00
1BVCA,1BVC,A,L32A,-0.92,5.20,25.00
1BVCA,1BVC,A,I28A,-0.86,6.60,36.80
1BVCA,1BVC,A,L29A,-0.63,6.60,36.80
1BVCA,1BVC,A,I111A,-1.80,11.00,76.50
1BVCA,1BVC,A,I111L,-0.60,11.00,76.50
1BVCA,1BVC,A,I111M,-1.10,11.00,76.50
1BVCA,1BVC,A,I142A,-1.10,11.00,76.50
1BVCA,1BVC,A,I142L,0.60,11.00,76.50
1BVCA,1BVC,A,I142M,0.90,11.00,76.50
1BVCA,1BVC,A,I142V,-0.10,11.00,76.50
1BVCA,1BVC,A,I28L,-0.60,11.00,76.50
1BVCA,1BVC,A,I28M,-0.60,11.00,76.50
1BVCA,1BVC,A,I28V,0.00,11.00,76.50
1BVCA,1BVC,A,L135I,-1.50,11.00,76.50
1BVCA,1BVC,A,L135M,-0.80,11.00,76.50
1BVCA,1BVC,A,L135V,-2.20,11.00,76.50
1BVCA,1BVC,A,L29I,-1.10,11.00,76.50
1BVCA,1BVC,A,L29M,0.10,11.00,76.50
1BVCA,1BVC,A,L29V,-1.70,11.00,76.50
1BVCA,1BVC,A,L49I,-0.80,11.00,76.50
1BVCA,1BVC,A,L69A,-1.20,11.00,76.50
1BVCA,1BVC,A,L69I,0.00,11.00,76.50
1BVCA,1BVC,A,L69M,0.00,11.00,76.50
1BVCA,1BVC,A,L69V,-0.10,11.00,76.50
1C5GA,1QLP,A,F51C,3.01,6.50,23.00
1C5GA,1QLP,A,A183F,1.50,6.50,25.00
1C5GA,1QLP,A,A183I,1.80,6.50,25.00
1C5GA,1QLP,A,A183L,1.40,6.50,25.00
1C5GA,1QLP,A,A183V,3.80,6.50,25.00
1C5GA,1QLP,A,A248F,1.80,6.50,25.00
1C5GA,1QLP,A,A248I,2.20,6.50,25.00
1C5GA,1QLP,A,A248L,0.35,6.50,25.00
1C5GA,1QLP,A,A248V,2.30,6.50,25.00
1C5GA,1QLP,A,A250I,-0.40,6.50,25.00
1C5GA,1QLP,A,A250L,-1.00,6.50,25.00
1C5GA,1QLP,A,A250V,-0.40,6.50,25.00
1C5GA,1QLP,A,A284I,0.00,6.50,25.00
1C5GA,1QLP,A,A284V,0.80,6.50,25.00
1C5GA,1QLP,A,A31I,0.90,6.50,25.00
1C5GA,1QLP,A,A31L,0.90,6.50,25.00
1C5GA,1QLP,A,A31V,0.60,6.50,25.00
1C5GA,1QLP,A,A70G,1.60,6.50,25.00
1C5GA,1QLP,A,F51L,2.10,6.50,25.00
1C5GA,1QLP,A,K331F,1.75,7.80,25.00
1C5GA,1QLP,A,K331I,0.84,7.80,25.00
1C5GA,1QLP,A,K331T,-0.54,7.80,25.00
1C5GA,1QLP,A,K331V,0.89,7.80,25.00
1C5GA,1QLP,A,K387R,1.00,6.50,25.00
1C5GA,1QLP,A,M374I,2.30,6.50,25.00
1C5GA,1QLP,A,S330R,-2.44,7.80,25.00
1C5GA,1QLP,A,S381A,1.00,6.50,25.00
1C5GA,1QLP,A,T59A,1.00,6.50,25.00
1C5GA,1QLP,A,T68A,1.00,6.50,25.00
1C5GA,1QLP,A,V145I,0.20,6.50,25.00
1C5GA,1QLP,A,V145L,-0.70,6.50,25.00
1C5GA,1QLP,A,V173I,0.50,6.50,25.00
1C5GA,1QLP,A,V173L,-0.60,6.50,25.00
1C5GA,1QLP,A,V321I,0.60,6.50,25.00
1C5GA,1QLP,A,V321L,-1.20,6.50,25.00
1C5GA,1QLP,A,V364I,0.40,6.50,25.00
1C5GA,1QLP,A,V364L,-0.30,6.50,25.00
1C5GA,1QLP,A,V55I,-0.20,6.50,25.00
1C5GA,1QLP,A,V55L,-0.30,6.50,25.00
1C5GA,1QLP,A,W194F,-0.47,7.80,25.00
1C5GA,1QLP,A,W238F,0.98,7.80,25.00
1C5GA,1QLP,A,Y160A,-0.21,7.80,25.00
1C5GA,1QLP,A,Y160W,1.18,7.80,25.00
1CAHA,1CAH,A,C206S,2.35,7.50,23.00
1CAHA,1CAH,A,W5F,-1.80,7.50,23.00
1CEYA,1CEY,A,A101G,-0.95,8.00,25.00
1CEYA,1CEY,A,A113G,-0.75,8.00,25.00
1CEYA,1CEY,A,A114G,-0.50,8.00,25.00
1CEYA,1CEY,A,A48G,0.06,8.00,25.00
1CEYA,1CEY,A,A74G,-0.31,8.00,25.00
1CEYA,1CEY,A,A77G,-0.31,8.00,25.00
1CEYA,1CEY,A,A80G,0.43,8.00,25.00
1CEYA,1CEY,A,A88G,0.04,8.00,25.00
1CEYA,1CEY,A,A90G,0.35,8.00,25.00
1CEYA,1CEY,A,A99G,-0.48,8.00,25.00
1CEYA,1CEY,A,D12A,2.50,7.00,25.00
1CEYA,1CEY,A,D13A,2.70,7.00,25.00
1CEYA,1CEY,A,D57A,3.30,7.00,25.00
1CEYA,1CEY,A,F14N,2.64,7.50,25.00
1CHKA,1CHK,A,W101F,-4.27,7.00,43.20
1CHKA,1CHK,A,W227F,-2.51,7.00,43.20
1CHKA,1CHK,A,W28F,-4.43,7.00,43.20
1CLWA,1TYV,A,E309V,-0.77,7.40,88.40
1CLWA,1TYV,A,G177R,-0.70,7.40,88.40
1CLWA,1TYV,A,G244R,-1.33,7.40,88.40
1CLWA,1TYV,A,G323D,-0.13,7.40,88.40
1CLWA,1TYV,A,R285K,-3.43,7.40,88.40
1CLWA,1TYV,A,T235I,-0.53,7.40,88.40
1CUNA,1AJ3,A,A102G,-2.60,7.00,25.00
1CUNA,1AJ3,A,A104G,-1.80,7.00,25.00
1CUNA,1AJ3,A,A54G,-1.10,7.00,25.00
1CUNA,1AJ3,A,A58G,-1.10,7.00,25.00
1CUNA,1AJ3,A,A89G,-1.10,7.00,25.00
1CUNA,1AJ3,A,D17A,-0.20,7.00,25.00
1CUNA,1AJ3,A,D17G,-1.20,7.00,25.00
1CUNA,1AJ3,A,D68A,-0.10,7.00,25.00
1CUNA,1AJ3,A,D68G,-1.30,7.00,25.00
1CUNA,1AJ3,A,D93A,0.70,7.00,25.00
1CUNA,1AJ3,A,D93G,-0.30,7.00,25.00
1CUNA,1AJ3,A,E25A,0.10,7.00,25.00
1CUNA,1AJ3,A,E25G,-1.10,7.00,25.00
1CUNA,1AJ3,A,F12A,-3.70,7.00,25.00
1CUNA,1AJ3,A,F12L,-1.30,7.00,25.00
1CUNA,1AJ3,A,F91A,-2.80,7.00,25.00
1CUNA,1AJ3,A,F91L,0.50,7.00,25.00
1CUNA,1AJ3,A,H10A,0.50,7.00,25.00
1CUNA,1AJ3,A,H10G,-0.50,7.00,25.00
1CUNA,1AJ3,A,H49A,-1.40,7.00,25.00
1CUNA,1AJ3,A,H59A,-2.30,7.00,25.00
1CUNA,1AJ3,A,I23A,-3.60,7.00,25.00
1CUNA,1AJ3,A,I23V,-1.60,7.00,25.00
1CUNA,1AJ3,A,I63A,-2.80,7.00,25.00
1CUNA,1AJ3,A,I63V,-0.60,7.00,25.00
1CUNA,1AJ3,A,I84A,-2.00,7.00,25.00
1CUNA,1AJ3,A,I84V,-0.60,7.00,25.00
1CUNA,1AJ3,A,K26A,0.00,7.00,25.00
1CUNA,1AJ3,A,K47A,0.40,7.00,25.00
1CUNA,1AJ3,A,K47G,-0.50,7.00,25.00
1CUNA,1AJ3,A,K72A,-0.10,7.00,25.00
1CUNA,1AJ3,A,K72G,-1.40,7.00,25.00
1CUNA,1AJ3,A,K96A,-0.40,7.00,25.00
1CUNA,1AJ3,A,K96G,-1.30,7.00,25.00
1CUNA,1AJ3,A,L45A,-0.20,7.00,25.00
1CUNA,1AJ3,A,L52A,-2.80,7.00,25.00
1CUNA,1AJ3,A,L56A,-3.80,7.00,25.00
1CUNA,1AJ3,A,L73A,-2.40,7.00,25.00
1CUNA,1AJ3,A,L88A,-2.80,7.00,25.00
1CUNA,1AJ3,A,L98A,-3.80,7.00,25.00
1CUNA,1AJ3,A,M16A,-2.20,7.00,25.00
1CUNA,1AJ3,A,N44A,0.20,7.00,25.00
1CUNA,1AJ3,A,N44G,-0.40,7.00,25.00
1CUNA,1AJ3,A,Q100A,0.40,7.00,25.00
1CUNA,1AJ3,A,Q100G,-0.70,7.00,25.00
1CUNA,1AJ3,A,Q64A,-0.70,7.00,25.00
1CUNA,1AJ3,A,Q64G,-1.80,7.00,25.00
1CUNA,1AJ3,A,Q86A,0.00,7.00,25.00
1CUNA,1AJ3,A,Q86G,-1.30,7.00,25.00
1CUNA,1AJ3,A,R105A,0.00,7.00,25.00
1CUNA,1AJ3,A,R14A,-0.30,7.00,25.00
1CUNA,1AJ3,A,R14G,-1.90,7.00,25.00
1CUNA,1AJ3,A,R51A,0.30,7.00,25.00
1CUNA,1AJ3,A,R51G,-0.60,7.00,25.00
1CUNA,1AJ3,A,S21A,0.50,7.00,25.00
1CUNA,1AJ3,A,S21G,-0.50,7.00,25.00
1CUNA,1AJ3,A,T40A,0.30,7.00,25.00
1CUNA,1AJ3,A,T40G,-0.10,7.00,25.00
1CUNA,1AJ3,A,V30A,-0.20,7.00,25.00
1CUNA,1AJ3,A,V42A,-0.40,7.00,25.00
1CUNA,1AJ3,A,V66A,-2.30,7.00,25.00
1CUNA,1AJ3,A,W22F,-1.31,7.50,25.00
1CUNA,1AJ3,A,W95F,-2.10,7.00,25.00
1CUNA,1CUN,A,A119G,-1.75,7.00,25.00
1CUNA,1CUN,A,A126G,-1.65,7.00,25.00
1CUNA,1CUN,A,A156G,-1.45,7.00,25.00
1CUNA,1CUN,A,A173G,-1.95,7.00,25.00
1CUNA,1CUN,A,A191G,-1.35,7.00,25.00
1CUNA,1CUN,A,A206G,-2.25,7.00,25.00
1CUNA,1CUN,A,A212G,-1.45,7.00,25.00
1CUNA,1CUN,A,F117L,-2.55,7.00,25.00
1CUNA,1CUN,A,F157L,-1.85,7.00,25.00
1CUNA,1CUN,A,G198A,0.45,7.00,25.00
1CUNA,1CUN,A,H164A,-2.35,7.00,25.00
1CUNA,1CUN,A,I128A,-1.65,7.00,25.00
1CUNA,1CUN,A,I128V,-2.85,7.00,25.00
1CUNA,1CUN,A,K152A,-0.15,7.00,25.00
1CUNA,1CUN,A,K152G,-1.45,7.00,25.00
1CUNA,1CUN,A,L196A,-4.55,7.00,25.00
1CUNA,1CUN,A,L203A,-4.05,7.00,25.00
1CUNA,1CUN,A,L214A,-3.65,7.00,25.00
1CUNA,1CUN,A,M193A,-2.65,7.00,25.00
1CUNA,1CUN,A,Q115A,-0.15,7.00,25.00
1CUNA,1CUN,A,Q115G,-1.15,7.00,25.00
1CUNA,1CUN,A,S201A,0.15,7.00,25.00
1CUNA,1CUN,A,S201G,-0.95,7.00,25.00
1CUNA,1CUN,A,V163A,0.15,7.00,25.00
1CUNA,1CUN,A,V163G,-0.85,7.00,25.00
1CUNA,1CUN,A,V171A,-1.55,7.00,25.00
1DILA,3SIL,A,A53L,0.90,7.00,25.00
1DILA,3SIL,A,A69V,0.45,7.00,25.00
1E65A,1E65,A,H117G,-2.18,7.00,20.00
1E65A,1E65,A,H46G,-2.50,7.00,20.00
1E65A,1E65,A,A82G,-3.11,7.00,25.00
1E65A,1E65,A,I20A,-1.56,7.00,25.00
1E65A,1E65,A,I20T,-2.39,7.00,25.00
1E65A,1E65,A,I20V,-0.38,7.00,25.00
1E65A,1E65,A,I7A,-3.11,7.00,25.00
1E65A,1E65,A,I81A,-2.39,7.00,25.00
1E65A,1E65,A,I81T,-2.51,7.00,25.00
1E65A,1E65,A,I81V,-0.07,7.00,25.00
1E65A,1E65,A,L125A,-0.72,7.00,25.00
1E65A,1E65,A,L50T,-2.34,7.00,25.00
1E65A,1E65,A,L50V,-0.36,7.00,25.00
1E65A,1E65,A,V22A,-1.44,7.00,25.00
1E65A,1E65,A,V22T,-0.96,7.00,25.00
1E65A,1E65,A,V31T,-1.08,7.00,25.00
1E65A,1E65,A,V5A,0.00,7.00,25.00
1E65A,1E65,A,V60G,-3.11,7.00,25.00
1E65A,1E65,A,V95T,0.96,7.00,25.00
1E65A,1E65,A,F110S,-3.95,7.30,26.50
1E65A,1E65,A,I7S,-3.44,7.30,26.50
1EL1A,1HFZ,A,A106S,-1.05,7.40,56.20
1EL1A,1HFZ,A,H107A,-0.79,7.40,56.20
1EL1A,1HFZ,A,H107W,-1.72,7.40,56.20
1EL1A,1HFZ,A,H107Y,-0.19,7.40,56.20
1EL1A,1HFZ,A,H32A,-2.13,7.40,56.20
1EL1A,1HFZ,A,H32Y,0.07,7.40,56.20
1EL1A,1HFZ,A,I59W,-0.93,7.40,56.20
1EL1A,1HFZ,A,K114E,-0.65,7.40,56.20
1EL1A,1HFZ,A,K114N,2.66,7.40,56.20
1EL1A,1HFZ,A,K114Q,-0.60,7.40,56.20
1EL1A,1HFZ,A,L110E,-0.19,7.40,56.20
1EL1A,1HFZ,A,L110H,1.39,7.40,56.20
1EL1A,1HFZ,A,L110R,0.43,7.40,56.20
1EL1A,1HFZ,A,Q117A,-0.96,7.40,56.20
1EL1A,1HFZ,A,Q54A,-0.41,7.40,56.20
1EL1A,1HFZ,A,V42A,-0.93,7.40,56.20
1EL1A,1HFZ,A,V42G,-1.15,7.40,56.20
1EL1A,1HFZ,A,V42N,-0.24,7.40,56.20
1EL1A,1HFZ,A,W104Y,-2.44,7.40,56.20
1EL1A,1HFZ,A,W118H,-0.60,7.40,56.20
1EL1A,1HFZ,A,W118Y,-1.17,7.40,56.20
1EL1A,1HFZ,A,Y103A,-2.39,7.40,56.20
1EL1A,1HMK,A,A30I,1.47,6.10,24.00
1EL1A,1HMK,A,A30T,0.48,6.10,24.00
1EL1A,1HMK,A,T33I,-0.64,6.10,24.00
1EL1A,1HMK,A,T29I,3.55,6.40,24.50
1EL1A,1HMK,A,D87N,-1.14,7.00,25.00
1EL1A,1HMK,A,I55V,-2.72,7.00,25.00
1EL1A,1HMK,A,I89V,-0.86,7.00,25.00
1EL1A,1HMK,A,I95V,-1.72,7.00,25.00
1EL1A,1HMK,A,K93A,-1.72,7.00,25.00
1EL1A,1HMK,A,L105A,-0.28,7.00,25.00
1EL1A,1HMK,A,L110A,-0.35,7.00,25.00
1EL1A,1HMK,A,L12A,-2.73,7.00,25.00
1EL1A,1HMK,A,L52A,-3.22,7.00,25.00
1EL1A,1HMK,A,L96A,-1.75,7.00,25.00
1EL1A,1HMK,A,T29V,2.26,7.00,25.00
1EL1A,1HMK,A,V27A,-1.24,7.00,25.00
1EL1A,1HMK,A,V8A,-0.83,7.00,25.00
1EL1A,1HMK,A,V90A,0.90,7.00,25.00
1EL1A,1HMK,A,W104F,-1.96,7.50,25.00
1EL1A,1HMK,A,W118F,-0.31,7.00,25.00
1EL1A,1HMK,A,W26F,-2.11,7.50,25.00
1EL1A,1HMK,A,W60A,-2.01,7.00,25.00
1EL1A,1HMK,A,W60F,-0.68,7.50,25.00
1EL1A,1HMK,A,Y103F,-2.13,7.00,25.00
1EL1A,1HMK,A,T38A,-1.30,7.00,58.80
1EL1A,1LZ1,A,D67H,-3.73,4.00,10.00
1EL1A,1LZ1,A,G37Q,-0.40,3.00,52.30
1EL1A,1LZ1,A,H78G,-0.21,3.00,52.30
1EL1A,1LZ1,A,I56T,-4.31,3.00,52.30
1EL1A,1LZ1,A,Q58G,1.91,3.00,52.30
1EL1A,1LZ1,A,R50G,0.32,3.00,52.30
1EL1A,1LZ1,A,C77A,-4.60,3.00,57.00
1EL1A,1LZ1,A,A32L,-0.10,2.70,64.90
1EL1A,1LZ1,A,A32S,-0.33,2.70,64.90
1EL1A,1LZ1,A,A92S,0.81,2.70,64.90
1EL1A,1LZ1,A,A96M,0.02,2.70,64.90
1EL1A,1LZ1,A,A96S,-1.00,2.70,64.90
1EL1A,1LZ1,A,A9S,-0.02,2.70,64.90
1EL1A,1LZ1,A,E35L,-0.53,2.70,64.90
1EL1A,1LZ1,A,G105A,-0.62,2.70,64.90
1EL1A,1LZ1,A,G127A,-0.55,2.70,64.90
1EL1A,1LZ1,A,G129A,0.14,2.70,64.90
1EL1A,1LZ1,A,G16A,-1.39,2.70,64.90
1EL1A,1LZ1,A,G19A,-1.77,2.70,64.90
1EL1A,1LZ1,A,G22A,-1.79,2.70,64.90
1EL1A,1LZ1,A,G37A,-0.29,2.70,64.90
1EL1A,1LZ1,A,G48A,0.45,2.70,64.90
1EL1A,1LZ1,A,G68A,-0.12,2.70,64.90
1EL1A,1LZ1,A,G72A,-0.36,2.70,64.90
1EL1A,1LZ1,A,H78A,-0.14,2.70,64.90
1EL1A,1LZ1,A,I106A,-0.93,2.70,64.90
1EL1A,1LZ1,A,I106V,-0.72,2.70,64.90
1EL1A,1LZ1,A,I23A,-2.54,2.70,64.90
1EL1A,1LZ1,A,I23V,-0.36,2.70,64.90
1EL1A,1LZ1,A,I56A,-3.71,2.70,64.90
1EL1A,1LZ1,A,I56F,-4.09,2.70,64.90
1EL1A,1LZ1,A,I56L,-0.10,2.70,64.90
1EL1A,1LZ1,A,I56M,-1.77,2.70,64.90
1EL1A,1LZ1,A,I56V,-1.20,2.70,64.90
1EL1A,1LZ1,A,I59A,-1.72,2.70,64.90
1EL1A,1LZ1,A,I59F,-0.81,2.70,64.90
1EL1A,1LZ1,A,I59G,-3.83,2.70,64.90
1EL1A,1LZ1,A,I59L,0.00,2.70,64.90
1EL1A,1LZ1,A,I59M,-1.29,2.70,64.90
1EL1A,1LZ1,A,I59S,-3.59,2.70,64.90
1EL1A,1LZ1,A,I59T,-2.22,2.70,64.90
1EL1A,1LZ1,A,I59V,-1.10,2.70,64.90
1EL1A,1LZ1,A,I59Y,-3.78,2.70,64.90
1EL1A,1LZ1,A,I89A,-2.70,2.70,64.90
1EL1A,1LZ1,A,I89V,-0.48,2.70,64.90
1EL1A,1LZ1,A,K1A,-0.60,2.70,64.90
1EL1A,1LZ1,A,K1M,-0.12,2.70,64.90
1EL1A,1LZ1,A,L8T,-3.73,2.70,64.90
1EL1A,1LZ1,A,N118A,0.19,2.70,64.90
1EL1A,1LZ1,A,N118G,0.05,2.70,64.90
1EL1A,1LZ1,A,Q58A,0.91,2.70,64.90
1EL1A,1LZ1,A,R21A,1.32,2.70,64.90
1EL1A,1LZ1,A,R21G,1.15,2.70,64.90
1EL1A,1LZ1,A,R50A,0.43,2.70,64.90
1EL1A,1LZ1,A,V100A,-0.26,2.70,64.90
1EL1A,1LZ1,A,V100F,-1.65,2.70,64.90
1EL1A,1LZ1,A,V100T,-0.29,2.70,64.90
1EL1A,1LZ1,A,V110A,0.53,2.70,64.90
1EL1A,1LZ1,A,V110D,0.17,2.70,64.90
1EL1A,1LZ1,A,V110F,-0.05,2.70,64.90
1EL1A,1LZ1,A,V110G,0.48,2.70,64.90
1EL1A,1LZ1,A,V110I,0.86,2.70,64.90
1EL1A,1LZ1,A,V110L,0.07,2.70,64.90
1EL1A,1LZ1,A,V110M,0.53,2.70,64.90
1EL1A,1LZ1,A,V110N,0.07,2.70,64.90
1EL1A,1LZ1,A,V110R,0.89,2.70,64.90
1EL1A,1LZ1,A,V110Y,-0.14,2.70,64.90
1EL1A,1LZ1,A,V121A,-1.44,2.70,64.90
1EL1A,1LZ1,A,V125A,-1.32,2.70,64.90
1EL1A,1LZ1,A,V130A,-0.84,2.70,64.90
1EL1A,1LZ1,A,V2A,-1.51,2.70,64.90
1EL1A,1LZ1,A,V2D,-1.44,2.70,64.90
1EL1A,1LZ1,A,V2F,-0.86,2.70,64.90
1EL1A,1LZ1,A,V2G,-2.30,2.70,64.90
1EL1A,1LZ1,A,V2I,1.10,2.70,64.90
1EL1A,1LZ1,A,V2L,-0.05,2.70,64.90
1EL1A,1LZ1,A,V2M,-0.31,2.70,64.90
1EL1A,1LZ1,A,V2N,-1.34,2.70,64.90
1EL1A,1LZ1,A,V2R,-0.38,2.70,64.90
1EL1A,1LZ1,A,V2S,-1.41,2.70,64.90
1EL1A,1LZ1,A,V2Y,-0.36,2.70,64.90
1EL1A,1LZ1,A,V74A,-0.36,2.70,64.90
1EL1A,1LZ1,A,V74D,-0.43,2.70,64.90
1EL1A,1LZ1,A,V74F,-0.29,2.70,64.90
1EL1A,1LZ1,A,V74G,-0.22,2.70,64.90
1EL1A,1LZ1,A,V74I,0.45,2.70,64.90
1EL1A,1LZ1,A,V74L,0.19,2.70,64.90
1EL1A,1LZ1,A,V74M,0.65,2.70,64.90
1EL1A,1LZ1,A,V74N,-0.33,2.70,64.90
1EL1A,1LZ1,A,V74R,-0.07,2.70,64.90
1EL1A,1LZ1,A,V74S,-0.38,2.70,64.90
1EL1A,1LZ1,A,V74Y,-0.24,2.70,64.90
1EL1A,1LZ1,A,V93A,-0.74,2.70,64.90
1EL1A,1LZ1,A,V93T,-0.67,2.70,64.90
1EL1A,1LZ1,A,V99A,-0.98,2.70,64.90
1EL1A,1LZ1,A,V99T,-0.50,2.70,64.90
1EL1A,1LZ1,A,Y124F,-0.36,2.70,64.90
1EL1A,1LZ1,A,Y20F,-0.50,2.70,64.90
1EL1A,1LZ1,A,Y38A,-2.49,2.70,64.90
1EL1A,1LZ1,A,Y38F,-0.19,2.70,64.90
1EL1A,1LZ1,A,Y38G,-2.32,2.70,64.90
1EL1A,1LZ1,A,Y45F,0.07,2.70,64.90
1EL1A,1LZ1,A,Y54F,-0.96,2.70,64.90
1EL1A,1LZ1,A,Y63F,-0.24,2.70,64.90
1EL1A,1LZ1,A,D102N,-0.15,3.50,65.00
1EL1A,1LZ1,A,D120N,-0.17,3.50,65.00
1EL1A,1LZ1,A,D18N,-1.28,3.40,65.00
1EL1A,1LZ1,A,D49N,-0.65,3.40,65.00
1EL1A,1LZ1,A,D67N,-1.39,3.50,65.00
1EL1A,1LZ1,A,E7Q,-0.94,3.50,65.00
1EL1A,4LYZ,A,C94A,-4.78,9.50,20.00
1EL1A,4LYZ,A,G49N,-0.96,9.50,20.00
1EL1A,4LYZ,A,M105T,-0.24,9.50,20.00
1EL1A,4LYZ,A,N103D,0.24,9.50,20.00
1EL1A,4LYZ,A,E35A,1.24,4.60,35.00
1EL1A,4LYZ,A,E35H,-2.45,4.60,35.00
1EL1A,4LYZ,A,E35Q,-0.64,4.60,35.00
1EL1A,4LYZ,A,I58M,-1.18,5.50,35.00
1EL1A,4LYZ,A,I78M,-0.90,5.50,35.00
1EL1A,4LYZ,A,I98M,-0.90,5.50,35.00
1EL1A,4LYZ,A,N46D,-0.44,4.60,35.00
1EL1A,4LYZ,A,W108Q,-3.95,4.60,35.00
1EL1A,4LYZ,A,W108Y,-1.92,4.60,35.00
1EL1A,4LYZ,A,G49A,-1.91,4.20,48.80
1EL1A,4LYZ,A,G67A,-1.19,4.20,48.80
1EL1A,4LYZ,A,I55T,-4.12,5.80,52.50
1EL1A,4LYZ,A,G102A,0.02,2.70,65.60
1EL1A,4LYZ,A,G117A,-1.46,2.70,65.60
1EL1A,4LYZ,A,G71A,-0.38,2.70,65.60
1EL1A,4LYZ,A,M12F,0.28,2.70,66.00
1EL1A,4LYZ,A,M12L,-0.57,2.70,66.00
1EL1A,4LYZ,A,A31I,1.40,6.40,74.00
1EL1A,4LYZ,A,A31L,1.80,6.40,74.00
1EL1A,4LYZ,A,A31V,1.20,6.40,74.00
1EL1A,4LYZ,A,D101A,0.76,6.40,74.00
1EL1A,4LYZ,A,D101E,0.00,6.40,74.00
1EL1A,4LYZ,A,D101F,0.72,6.40,74.00
1EL1A,4LYZ,A,D101G,0.45,6.40,74.00
1EL1A,4LYZ,A,D101K,0.19,6.40,74.00
1EL1A,4LYZ,A,D101N,0.04,6.40,74.00
1EL1A,4LYZ,A,D101Q,-0.08,6.40,74.00
1EL1A,4LYZ,A,D101R,0.27,6.40,74.00
1EL1A,4LYZ,A,D101S,0.87,6.40,74.00
1EL1A,4LYZ,A,F34Y,0.19,6.40,74.00
1EL1A,4LYZ,A,F3Y,-0.45,6.40,74.00
1EL1A,4LYZ,A,G102R,0.38,6.40,74.00
1EL1A,4LYZ,A,G102V,-0.04,6.40,74.00
1EL1A,4LYZ,A,H15L,0.76,6.40,74.00
1EL1A,4LYZ,A,I55A,-4.40,6.40,74.00
1EL1A,4LYZ,A,I55F,-2.46,6.40,74.00
1EL1A,4LYZ,A,I55L,-0.45,6.40,74.00
1EL1A,4LYZ,A,I55M,-2.27,6.40,74.00
1EL1A,4LYZ,A,I55V,-0.91,6.40,74.00
1EL1A,4LYZ,A,N19K,-1.06,6.40,74.00
1EL1A,4LYZ,A,N77H,-0.38,6.40,74.00
1EL1A,4LYZ,A,Q121H,-0.45,6.40,74.00
1EL1A,4LYZ,A,R114H,0.68,6.40,74.00
1EL1A,4LYZ,A,R21Q,-0.15,6.40,74.00
1EL1A,4LYZ,A,R68K,-0.04,6.40,74.00
1EL1A,4LYZ,A,R73K,0.23,6.40,74.00
1EL1A,4LYZ,A,S91A,-0.15,6.40,74.00
1EL1A,4LYZ,A,S91D,-2.31,6.40,74.00
1EL1A,4LYZ,A,S91T,0.99,6.40,74.00
1EL1A,4LYZ,A,S91V,-0.08,6.40,74.00
1EL1A,4LYZ,A,S91Y,-3.07,6.40,74.00
1EL1A,4LYZ,A,T40I,-2.20,6.40,74.00
1EL1A,4LYZ,A,T40S,-0.27,6.40,74.00
1EY0A,1EY0,A,A102F,-1.71,7.00,20.00
1EY0A,1EY0,A,A102G,-1.37,7.00,20.00
1EY0A,1EY0,A,A102V,-1.84,7.00,20.00
1EY0A,1EY0,A,A109G,-0.98,7.00,20.00
1EY0A,1EY0,A,A109V,-2.82,7.00,20.00
1EY0A,1EY0,A,A112C,-0.75,7.00,20.00
1EY0A,1EY0,A,A112F,-1.35,7.00,20.00
1EY0A,1EY0,A,A112G,0.20,7.00,20.00
1EY0A,1EY0,A,A112V,-1.19,7.00,20.00
1EY0A,1EY0,A,A12G,-2.37,7.00,20.00
1EY0A,1EY0,A,A12V,-0.89,7.00,20.00
1EY0A,1EY0,A,A130G,-1.00,7.00,20.00
1EY0A,1EY0,A,A130V,-1.08,7.00,20.00
1EY0A,1EY0,A,A132G,-3.60,7.00,20.00
1EY0A,1EY0,A,A132V,-4.73,7.00,20.00
1EY0A,1EY0,A,A17G,0.19,7.00,20.00
1EY0A,1EY0,A,A17V,-1.94,7.00,20.00
1EY0A,1EY0,A,A58G,-2.53,7.00,20.00
1EY0A,1EY0,A,A58V,-2.63,7.00,20.00
1EY0A,1EY0,A,A60C,-1.12,7.00,20.00
1EY0A,1EY0,A,A60F,-0.80,7.00,20.00
1EY0A,1EY0,A,A60G,-1.45,7.00,20.00
1EY0A,1EY0,A,A60V,-2.68,7.00,20.00
1EY0A,1EY0,A,A69G,-2.10,7.00,20.00
1EY0A,1EY0,A,A69T,-3.03,7.00,20.00
1EY0A,1EY0,A,A69V,-2.80,7.00,20.00
1EY0A,1EY0,A,A90G,-1.92,7.00,20.00
1EY0A,1EY0,A,A90V,0.04,7.00,20.00
1EY0A,1EY0,A,A94G,-2.54,7.00,20.00
1EY0A,1EY0,A,A94V,-1.13,7.00,20.00
1EY0A,1EY0,A,D19A,-0.09,7.00,20.00
1EY0A,1EY0,A,D19F,-1.28,7.00,20.00
1EY0A,1EY0,A,D19G,-0.42,7.00,20.00
1EY0A,1EY0,A,D19K,-0.41,7.00,20.00
1EY0A,1EY0,A,D19N,0.07,7.00,20.00
1EY0A,1EY0,A,D21A,0.83,7.00,20.00
1EY0A,1EY0,A,D21G,0.46,7.00,20.00
1EY0A,1EY0,A,D21K,1.10,7.00,20.00
1EY0A,1EY0,A,D21N,1.43,7.00,20.00
1EY0A,1EY0,A,D40A,0.41,7.00,20.00
1EY0A,1EY0,A,D40G,-0.38,7.00,20.00
1EY0A,1EY0,A,D77G,-1.81,7.00,20.00
1EY0A,1EY0,A,D77K,-3.28,7.00,20.00
1EY0A,1EY0,A,D77N,-2.69,7.00,20.00
1EY0A,1EY0,A,D83A,-3.76,7.00,20.00
1EY0A,1EY0,A,D83G,-2.64,7.00,20.00
1EY0A,1EY0,A,D95A,-3.50,7.00,20.00
1EY0A,1EY0,A,D95G,-2.93,7.00,20.00
1EY0A,1EY0,A,E101A,-1.36,7.00,20.00
1EY0A,1EY0,A,E101F,-2.74,7.00,20.00
1EY0A,1EY0,A,E101G,-2.47,7.00,20.00
1EY0A,1EY0,A,E10A,-1.34,7.00,20.00
1EY0A,1EY0,A,E10G,-1.86,7.00,20.00
1EY0A,1EY0,A,E10K,-1.98,7.00,20.00
1EY0A,1EY0,A,E10Q,-0.97,7.00,20.00
1EY0A,1EY0,A,E122A,-0.27,7.00,20.00
1EY0A,1EY0,A,E122F,-0.44,7.00,20.00
1EY0A,1EY0,A,E122G,-1.99,7.00,20.00
1EY0A,1EY0,A,E122K,-2.53,7.00,20.00
1EY0A,1EY0,A,E122Q,-1.52,7.00,20.00
1EY0A,1EY0,A,E129A,-2.20,7.00,20.00
1EY0A,1EY0,A,E129F,-3.88,7.00,20.00
1EY0A,1EY0,A,E129G,-3.72,7.00,20.00
1EY0A,1EY0,A,E135A,-0.73,7.00,20.00
1EY0A,1EY0,A,E135F,-1.10,7.00,20.00
1EY0A,1EY0,A,E135G,-1.64,7.00,20.00
1EY0A,1EY0,A,E135K,-1.17,7.00,20.00
1EY0A,1EY0,A,E135Q,-0.71,7.00,20.00
1EY0A,1EY0,A,E43A,0.32,7.00,20.00
1EY0A,1EY0,A,E43D,0.20,7.00,20.00
1EY0A,1EY0,A,E43G,0.59,7.00,20.00
1EY0A,1EY0,A,E52A,-0.05,7.00,20.00
1EY0A,1EY0,A,E52F,-0.51,7.00,20.00
1EY0A,1EY0,A,E52G,-0.27,7.00,20.00
1EY0A,1EY0,A,E57A,-0.10,7.00,20.00
1EY0A,1EY0,A,E57C,-0.64,7.00,20.00
1EY0A,1EY0,A,E57F,-0.79,7.00,20.00
1EY0A,1EY0,A,E57G,-1.41,7.00,20.00
1EY0A,1EY0,A,E57K,0.01,7.00,20.00
1EY0A,1EY0,A,E57Q,-0.14,7.00,20.00
1EY0A,1EY0,A,E67A,-1.05,7.00,20.00
1EY0A,1EY0,A,E67F,-1.33,7.00,20.00
1EY0A,1EY0,A,E67G,-1.00,7.00,20.00
1EY0A,1EY0,A,E67Q,-0.57,7.00,20.00
1EY0A,1EY0,A,E73A,-1.46,7.00,20.00
1EY0A,1EY0,A,E73F,-0.88,7.00,20.00
1EY0A,1EY0,A,E73G,-2.76,7.00,20.00
1EY0A,1EY0,A,E73K,-2.06,7.00,20.00
1EY0A,1EY0,A,E73Q,-0.64,7.00,20.00
1EY0A,1EY0,A,E75G,-3.43,7.00,20.00
1EY0A,1EY0,A,E75K,-2.22,7.00,20.00
1EY0A,1EY0,A,E75Q,-0.61,7.00,20.00
1EY0A,1EY0,A,E75V,-2.31,7.00,20.00
1EY0A,1EY0,A,F34A,-3.80,7.00,20.00
1EY0A,1EY0,A,F61A,-2.34,7.00,20.00
1EY0A,1EY0,A,F61G,-4.76,7.00,20.00
1EY0A,1EY0,A,F76A,-4.10,7.00,20.00
1EY0A,1EY0,A,F76G,-4.73,7.00,20.00
1EY0A,1EY0,A,G107A,-4.41,7.00,20.00
1EY0A,1EY0,A,G20A,-0.12,7.00,20.00
1EY0A,1EY0,A,G20V,-2.18,7.00,20.00
1EY0A,1EY0,A,G29A,-1.41,7.00,20.00
1EY0A,1EY0,A,G29C,-1.26,7.00,20.00
1EY0A,1EY0,A,G29F,-1.46,7.00,20.00
1EY0A,1EY0,A,G29V,-3.11,7.00,20.00
1EY0A,1EY0,A,G50A,0.16,7.00,20.00
1EY0A,1EY0,A,G50C,-0.75,7.00,20.00
1EY0A,1EY0,A,G50F,-0.55,7.00,20.00
1EY0A,1EY0,A,G50V,-1.00,7.00,20.00
1EY0A,1EY0,A,G55A,-0.44,7.00,20.00
1EY0A,1EY0,A,G55V,-1.48,7.00,20.00
1EY0A,1EY0,A,G79A,-2.17,7.00,20.00
1EY0A,1EY0,A,G79D,-2.28,7.00,20.00
1EY0A,1EY0,A,G79V,-2.23,7.00,20.00
1EY0A,1EY0,A,G86A,-0.31,7.00,20.00
1EY0A,1EY0,A,G86F,-1.99,7.00,20.00
1EY0A,1EY0,A,G86V,-3.74,7.00,20.00
1EY0A,1EY0,A,G88A,0.19,7.00,20.00
1EY0A,1EY0,A,G88W,-0.10,7.00,20.00
1EY0A,1EY0,A,G96A,-1.80,7.00,20.00
1EY0A,1EY0,A,G96F,-2.55,7.00,20.00
1EY0A,1EY0,A,G96V,-3.74,7.00,20.00
1EY0A,1EY0,A,H121A,-2.92,7.00,20.00
1EY0A,1EY0,A,H121G,-4.09,7.00,20.00
1EY0A,1EY0,A,H124A,0.57,7.00,20.00
1EY0A,1EY0,A,H124E,0.46,7.00,20.00
1EY0A,1EY0,A,H124F,0.51,7.00,20.00
1EY0A,1EY0,A,H124G,-0.52,7.00,20.00
1EY0A,1EY0,A,H124Q,0.69,7.00,20.00
1EY0A,1EY0,A,H46A,-0.45,7.00,20.00
1EY0A,1EY0,A,H46G,-0.17,7.00,20.00
1EY0A,1EY0,A,H8A,-0.48,7.00,20.00
1EY0A,1EY0,A,H8G,-0.85,7.00,20.00
1EY0A,1EY0,A,I139A,-3.29,7.00,20.00
1EY0A,1EY0,A,I139G,-4.22,7.00,20.00
1EY0A,1EY0,A,I139L,-0.09,7.00,20.00
1EY0A,1EY0,A,I139M,-0.39,7.00,20.00
1EY0A,1EY0,A,I139V,-1.37,7.00,20.00
1EY0A,1EY0,A,I15A,-2.73,7.00,20.00
1EY0A,1EY0,A,I15G,-3.43,7.00,20.00
1EY0A,1EY0,A,I15L,-0.62,7.00,20.00
1EY0A,1EY0,A,I15M,-0.15,7.00,20.00
1EY0A,1EY0,A,I15V,-0.88,7.00,20.00
1EY0A,1EY0,A,I18A,-2.65,7.00,20.00
1EY0A,1EY0,A,I18G,-2.63,7.00,20.00
1EY0A,1EY0,A,I18L,-0.14,7.00,20.00
1EY0A,1EY0,A,I18V,-0.96,7.00,20.00
1EY0A,1EY0,A,I72L,-0.23,7.00,20.00
1EY0A,1EY0,A,I72M,-1.88,7.00,20.00
1EY0A,1EY0,A,I72V,-1.79,7.00,20.00
1EY0A,1EY0,A,I92A,-4.12,7.00,20.00
1EY0A,1EY0,A,I92L,-0.60,7.00,20.00
1EY0A,1EY0,A,I92M,-1.75,7.00,20.00
1EY0A,1EY0,A,I92V,-0.46,7.00,20.00
1EY0A,1EY0,A,K110A,-1.13,7.00,20.00
1EY0A,1EY0,A,K110G,-2.59,7.00,20.00
1EY0A,1EY0,A,K116A,0.69,7.00,20.00
1EY0A,1EY0,A,K116F,0.21,7.00,20.00
1EY0A,1EY0,A,K116G,1.05,7.00,20.00
1EY0A,1EY0,A,K127A,0.24,7.00,20.00
1EY0A,1EY0,A,K127E,0.13,7.00,20.00
1EY0A,1EY0,A,K127F,-0.22,7.00,20.00
1EY0A,1EY0,A,K127G,-0.79,7.00,20.00
1EY0A,1EY0,A,K127Q,0.06,7.00,20.00
1EY0A,1EY0,A,K133A,-1.32,7.00,20.00
1EY0A,1EY0,A,K133F,-1.26,7.00,20.00
1EY0A,1EY0,A,K133G,-3.22,7.00,20.00
1EY0A,1EY0,A,K133Q,-0.44,7.00,20.00
1EY0A,1EY0,A,K134A,0.12,7.00,20.00
1EY0A,1EY0,A,K134C,-0.70,7.00,20.00
1EY0A,1EY0,A,K134F,-0.26,7.00,20.00
1EY0A,1EY0,A,K134G,-0.79,7.00,20.00
1EY0A,1EY0,A,K136A,-0.75,7.00,20.00
1EY0A,1EY0,A,K136F,-0.97,7.00,20.00
1EY0A,1EY0,A,K136G,-0.02,7.00,20.00
1EY0A,1EY0,A,K16A,-0.06,7.00,20.00
1EY0A,1EY0,A,K16F,-0.38,7.00,20.00
1EY0A,1EY0,A,K16G,-0.76,7.00,20.00
1EY0A,1EY0,A,K24A,-0.34,7.00,20.00
1EY0A,1EY0,A,K24F,-0.40,7.00,20.00
1EY0A,1EY0,A,K24G,-1.60,7.00,20.00
1EY0A,1EY0,A,K28A,-0.70,7.00,20.00
1EY0A,1EY0,A,K28E,-0.79,7.00,20.00
1EY0A,1EY0,A,K28F,-0.85,7.00,20.00
1EY0A,1EY0,A,K28G,-0.80,7.00,20.00
1EY0A,1EY0,A,K28Q,-0.28,7.00,20.00
1EY0A,1EY0,A,K45A,0.19,7.00,20.00
1EY0A,1EY0,A,K45G,0.20,7.00,20.00
1EY0A,1EY0,A,K48A,0.09,7.00,20.00
1EY0A,1EY0,A,K48E,0.10,7.00,20.00
1EY0A,1EY0,A,K48F,-0.25,7.00,20.00
1EY0A,1EY0,A,K48G,0.24,7.00,20.00
1EY0A,1EY0,A,K48Q,-0.02,7.00,20.00
1EY0A,1EY0,A,K49A,-0.25,7.00,20.00
1EY0A,1EY0,A,K49F,0.20,7.00,20.00
1EY0A,1EY0,A,K49G,-0.10,7.00,20.00
1EY0A,1EY0,A,K53A,-0.17,7.00,20.00
1EY0A,1EY0,A,K53G,-0.08,7.00,20.00
1EY0A,1EY0,A,K63A,-0.32,7.00,20.00
1EY0A,1EY0,A,K63E,-1.47,7.00,20.00
1EY0A,1EY0,A,K63F,-1.83,7.00,20.00
1EY0A,1EY0,A,K63G,-1.57,7.00,20.00
1EY0A,1EY0,A,K63Q,-0.89,7.00,20.00
1EY0A,1EY0,A,K64A,0.16,7.00,20.00
1EY0A,1EY0,A,K64E,-1.68,7.00,20.00
1EY0A,1EY0,A,K64F,-0.09,7.00,20.00
1EY0A,1EY0,A,K64G,-0.51,7.00,20.00
1EY0A,1EY0,A,K64Q,0.00,7.00,20.00
1EY0A,1EY0,A,K6A,0.19,7.00,20.00
1EY0A,1EY0,A,K6G,0.25,7.00,20.00
1EY0A,1EY0,A,K70A,-0.16,7.00,20.00
1EY0A,1EY0,A,K70C,-0.48,7.00,20.00
1EY0A,1EY0,A,K70E,-0.30,7.00,20.00
1EY0A,1EY0,A,K70F,-0.03,7.00,20.00
1EY0A,1EY0,A,K70G,-0.60,7.00,20.00
1EY0A,1EY0,A,K70Q,-0.25,7.00,20.00
1EY0A,1EY0,A,K70W,-0.40,7.00,20.00
1EY0A,1EY0,A,K71A,-0.55,7.00,20.00
1EY0A,1EY0,A,K71F,0.04,7.00,20.00
1EY0A,1EY0,A,K71G,-1.31,7.00,20.00
1EY0A,1EY0,A,K78A,-0.50,7.00,20.00
1EY0A,1EY0,A,K78C,-0.26,7.00,20.00
1EY0A,1EY0,A,K78E,-0.69,7.00,20.00
1EY0A,1EY0,A,K78F,0.05,7.00,20.00
1EY0A,1EY0,A,K78G,-1.07,7.00,20.00
1EY0A,1EY0,A,K78Q,-0.15,7.00,20.00
1EY0A,1EY0,A,K84A,0.10,7.00,20.00
1EY0A,1EY0,A,K84E,0.00,7.00,20.00
1EY0A,1EY0,A,K84F,-0.75,7.00,20.00
1EY0A,1EY0,A,K84G,-0.39,7.00,20.00
1EY0A,1EY0,A,K84Q,-0.15,7.00,20.00
1EY0A,1EY0,A,K97A,-0.22,7.00,20.00
1EY0A,1EY0,A,K97E,-0.47,7.00,20.00
1EY0A,1EY0,A,K97F,-0.58,7.00,20.00
1EY0A,1EY0,A,K97G,-1.85,7.00,20.00
1EY0A,1EY0,A,K97Q,-0.30,7.00,20.00
1EY0A,1EY0,A,K9A,-1.38,7.00,20.00
1EY0A,1EY0,A,K9F,-1.03,7.00,20.00
1EY0A,1EY0,A,K9G,-1.88,7.00,20.00
1EY0A,1EY0,A,L103A,-4.60,7.00,20.00
1EY0A,1EY0,A,L103I,-1.11,7.00,20.00
1EY0A,1EY0,A,L103V,-2.05,7.00,20.00
1EY0A,1EY0,A,L108I,-3.34,7.00,20.00
1EY0A,1EY0,A,L108V,-3.81,7.00,20.00
1EY0A,1EY0,A,L125A,-4.78,7.00,20.00
1EY0A,1EY0,A,L125I,-0.96,7.00,20.00
1EY0A,1EY0,A,L125V,-2.30,7.00,20.00
1EY0A,1EY0,A,L137A,-2.18,7.00,20.00
1EY0A,1EY0,A,L137G,-4.43,7.00,20.00
1EY0A,1EY0,A,L137I,-0.76,7.00,20.00
1EY0A,1EY0,A,L137V,-1.42,7.00,20.00
1EY0A,1EY0,A,L14A,-2.38,7.00,20.00
1EY0A,1EY0,A,L14G,-3.84,7.00,20.00
1EY0A,1EY0,A,L14I,-1.60,7.00,20.00
1EY0A,1EY0,A,L14V,-1.63,7.00,20.00
1EY0A,1EY0,A,L25G,-4.58,7.00,20.00
1EY0A,1EY0,A,L25I,-1.83,7.00,20.00
1EY0A,1EY0,A,L25V,-1.85,7.00,20.00
1EY0A,1EY0,A,L36A,-3.66,7.00,20.00
1EY0A,1EY0,A,L36I,-3.09,7.00,20.00
1EY0A,1EY0,A,L36V,-3.58,7.00,20.00
1EY0A,1EY0,A,L37A,-1.51,7.00,20.00
1EY0A,1EY0,A,L37G,-3.79,7.00,20.00
1EY0A,1EY0,A,L37I,-1.82,7.00,20.00
1EY0A,1EY0,A,L37V,-2.78,7.00,20.00
1EY0A,1EY0,A,L38A,-1.51,7.00,20.00
1EY0A,1EY0,A,L38G,-0.28,7.00,20.00
1EY0A,1EY0,A,L38I,-2.06,7.00,20.00
1EY0A,1EY0,A,L38V,-0.14,7.00,20.00
1EY0A,1EY0,A,L7A,-1.35,7.00,20.00
1EY0A,1EY0,A,L7G,-1.26,7.00,20.00
1EY0A,1EY0,A,L7I,-0.77,7.00,20.00
1EY0A,1EY0,A,L7V,-1.15,7.00,20.00
1EY0A,1EY0,A,L89A,-2.60,7.00,20.00
1EY0A,1EY0,A,L89G,-3.18,7.00,20.00
1EY0A,1EY0,A,L89I,-1.04,7.00,20.00
1EY0A,1EY0,A,L89V,-1.42,7.00,20.00
1EY0A,1EY0,A,M26A,-1.61,7.00,20.00
1EY0A,1EY0,A,M26I,-0.84,7.00,20.00
1EY0A,1EY0,A,M26L,-0.31,7.00,20.00
1EY0A,1EY0,A,M32A,-1.81,7.00,20.00
1EY0A,1EY0,A,M32G,-2.54,7.00,20.00
1EY0A,1EY0,A,M32I,-0.56,7.00,20.00
1EY0A,1EY0,A,M32L,-0.76,7.00,20.00
1EY0A,1EY0,A,M65A,-2.06,7.00,20.00
1EY0A,1EY0,A,M65F,-1.62,7.00,20.00
1EY0A,1EY0,A,M65G,-4.66,7.00,20.00
1EY0A,1EY0,A,M65I,-1.43,7.00,20.00
1EY0A,1EY0,A,M65L,-0.73,7.00,20.00
1EY0A,1EY0,A,M98A,-4.43,7.00,20.00
1EY0A,1EY0,A,M98G,-4.44,7.00,20.00
1EY0A,1EY0,A,M98I,-4.39,7.00,20.00
1EY0A,1EY0,A,M98L,-2.30,7.00,20.00
1EY0A,1EY0,A,N100G,-4.98,7.00,20.00
1EY0A,1EY0,A,N118A,-1.88,7.00,20.00
1EY0A,1EY0,A,N118D,-2.34,7.00,20.00
1EY0A,1EY0,A,N118G,-1.61,7.00,20.00
1EY0A,1EY0,A,N119A,-1.03,7.00,20.00
1EY0A,1EY0,A,N119G,-0.97,7.00,20.00
1EY0A,1EY0,A,N138A,-0.97,7.00,20.00
1EY0A,1EY0,A,N138G,0.59,7.00,20.00
1EY0A,1EY0,A,N68A,-0.38,7.00,20.00
1EY0A,1EY0,A,N68G,-0.35,7.00,20.00
1EY0A,1EY0,A,Q106A,0.25,7.00,20.00
1EY0A,1EY0,A,Q106G,-1.50,7.00,20.00
1EY0A,1EY0,A,Q123A,-0.10,7.00,20.00
1EY0A,1EY0,A,Q123F,-0.51,7.00,20.00
1EY0A,1EY0,A,Q123G,-0.44,7.00,20.00
1EY0A,1EY0,A,Q131A,-0.10,7.00,20.00
1EY0A,1EY0,A,Q131F,-0.55,7.00,20.00
1EY0A,1EY0,A,Q131G,-2.26,7.00,20.00
1EY0A,1EY0,A,Q30A,-0.25,7.00,20.00
1EY0A,1EY0,A,Q30G,-0.93,7.00,20.00
1EY0A,1EY0,A,Q80A,-0.02,7.00,20.00
1EY0A,1EY0,A,Q80F,-0.58,7.00,20.00
1EY0A,1EY0,A,Q80G,-1.25,7.00,20.00
1EY0A,1EY0,A,R105A,-1.32,7.00,20.00
1EY0A,1EY0,A,R105C,-2.55,7.00,20.00
1EY0A,1EY0,A,R105F,-2.84,7.00,20.00
1EY0A,1EY0,A,R105G,-2.40,7.00,20.00
1EY0A,1EY0,A,R126A,-1.64,7.00,20.00
1EY0A,1EY0,A,R126G,-2.86,7.00,20.00
1EY0A,1EY0,A,R35A,-1.38,7.00,20.00
1EY0A,1EY0,A,R35G,-2.26,7.00,20.00
1EY0A,1EY0,A,R81A,-1.10,7.00,20.00
1EY0A,1EY0,A,R81G,-2.06,7.00,20.00
1EY0A,1EY0,A,R87A,-0.79,7.00,20.00
1EY0A,1EY0,A,R87G,-2.53,7.00,20.00
1EY0A,1EY0,A,S128A,0.83,7.00,20.00
1EY0A,1EY0,A,S128F,-1.00,7.00,20.00
1EY0A,1EY0,A,S128G,-1.52,7.00,20.00
1EY0A,1EY0,A,S141G,-0.82,7.00,20.00
1EY0A,1EY0,A,S59A,0.62,7.00,20.00
1EY0A,1EY0,A,S59F,0.56,7.00,20.00
1EY0A,1EY0,A,S59G,-1.03,7.00,20.00
1EY0A,1EY0,A,T120A,-1.08,7.00,20.00
1EY0A,1EY0,A,T120C,-1.59,7.00,20.00
1EY0A,1EY0,A,T120G,-1.87,7.00,20.00
1EY0A,1EY0,A,T120I,-1.54,7.00,20.00
1EY0A,1EY0,A,T120S,-0.57,7.00,20.00
1EY0A,1EY0,A,T120V,-1.63,7.00,20.00
1EY0A,1EY0,A,T13A,-0.73,7.00,20.00
1EY0A,1EY0,A,T13C,-1.20,7.00,20.00
1EY0A,1EY0,A,T13G,-1.16,7.00,20.00
1EY0A,1EY0,A,T13I,-0.05,7.00,20.00
1EY0A,1EY0,A,T13S,-0.35,7.00,20.00
1EY0A,1EY0,A,T13V,-0.26,7.00,20.00
1EY0A,1EY0,A,T22A,-1.69,7.00,20.00
1EY0A,1EY0,A,T22C,-0.95,7.00,20.00
1EY0A,1EY0,A,T22G,-2.54,7.00,20.00
1EY0A,1EY0,A,T22I,-0.61,7.00,20.00
1EY0A,1EY0,A,T22S,-0.74,7.00,20.00
1EY0A,1EY0,A,T22V,-0.85,7.00,20.00
1EY0A,1EY0,A,T33A,-1.52,7.00,20.00
1EY0A,1EY0,A,T33C,-1.04,7.00,20.00
1EY0A,1EY0,A,T33G,-2.62,7.00,20.00
1EY0A,1EY0,A,T33I,0.73,7.00,20.00
1EY0A,1EY0,A,T33S,-1.35,7.00,20.00
1EY0A,1EY0,A,T33V,0.47,7.00,20.00
1EY0A,1EY0,A,T41A,0.07,7.00,20.00
1EY0A,1EY0,A,T41C,0.74,7.00,20.00
1EY0A,1EY0,A,T41G,-1.79,7.00,20.00
1EY0A,1EY0,A,T41I,0.86,7.00,20.00
1EY0A,1EY0,A,T41S,-0.88,7.00,20.00
1EY0A,1EY0,A,T41V,0.90,7.00,20.00
1EY0A,1EY0,A,T44A,-0.23,7.00,20.00
1EY0A,1EY0,A,T44C,-0.04,7.00,20.00
1EY0A,1EY0,A,T44G,-0.37,7.00,20.00
1EY0A,1EY0,A,T44I,-0.56,7.00,20.00
1EY0A,1EY0,A,T44S,0.04,7.00,20.00
1EY0A,1EY0,A,T44V,0.09,7.00,20.00
1EY0A,1EY0,A,T62A,-2.23,7.00,20.00
1EY0A,1EY0,A,T62C,-1.05,7.00,20.00
1EY0A,1EY0,A,T62G,-3.52,7.00,20.00
1EY0A,1EY0,A,T62I,-1.17,7.00,20.00
1EY0A,1EY0,A,T62S,-2.15,7.00,20.00
1EY0A,1EY0,A,T62V,0.10,7.00,20.00
1EY0A,1EY0,A,T82A,-0.89,7.00,20.00
1EY0A,1EY0,A,T82C,-0.19,7.00,20.00
1EY0A,1EY0,A,T82G,-2.03,7.00,20.00
1EY0A,1EY0,A,T82I,0.51,7.00,20.00
1EY0A,1EY0,A,T82S,-0.75,7.00,20.00
1EY0A,1EY0,A,T82V,0.24,7.00,20.00
1EY0A,1EY0,A,V104A,-2.82,7.00,20.00
1EY0A,1EY0,A,V104I,0.27,7.00,20.00
1EY0A,1EY0,A,V104L,-0.76,7.00,20.00
1EY0A,1EY0,A,V104S,-4.86,7.00,20.00
1EY0A,1EY0,A,V104T,-2.45,7.00,20.00
1EY0A,1EY0,A,V111A,-4.26,7.00,20.00
1EY0A,1EY0,A,V111G,-4.82,7.00,20.00
1EY0A,1EY0,A,V111I,-0.74,7.00,20.00
1EY0A,1EY0,A,V111L,-0.88,7.00,20.00
1EY0A,1EY0,A,V111S,-4.71,7.00,20.00
1EY0A,1EY0,A,V111T,-2.36,7.00,20.00
1EY0A,1EY0,A,V114A,0.14,7.00,20.00
1EY0A,1EY0,A,V114G,-0.03,7.00,20.00
1EY0A,1EY0,A,V114I,-0.15,7.00,20.00
1EY0A,1EY0,A,V114L,-1.07,7.00,20.00
1EY0A,1EY0,A,V114S,-0.04,7.00,20.00
1EY0A,1EY0,A,V114T,-0.31,7.00,20.00
1EY0A,1EY0,A,V23I,0.03,7.00,20.00
1EY0A,1EY0,A,V23L,-0.02,7.00,20.00
1EY0A,1EY0,A,V23S,-4.76,7.00,20.00
1EY0A,1EY0,A,V23T,-3.34,7.00,20.00
1EY0A,1EY0,A,V39A,-2.16,7.00,20.00
1EY0A,1EY0,A,V39G,-4.61,7.00,20.00
1EY0A,1EY0,A,V39I,0.11,7.00,20.00
1EY0A,1EY0,A,V39L,-0.90,7.00,20.00
1EY0A,1EY0,A,V39S,-2.44,7.00,20.00
1EY0A,1EY0,A,V39T,-1.55,7.00,20.00
1EY0A,1EY0,A,V51A,-0.05,7.00,20.00
1EY0A,1EY0,A,V51G,-0.17,7.00,20.00
1EY0A,1EY0,A,V51I,0.09,7.00,20.00
1EY0A,1EY0,A,V51L,-0.10,7.00,20.00
1EY0A,1EY0,A,V51S,0.01,7.00,20.00
1EY0A,1EY0,A,V51T,0.20,7.00,20.00
1EY0A,1EY0,A,V66A,-2.34,7.00,20.00
1EY0A,1EY0,A,V66G,-4.49,7.00,20.00
1EY0A,1EY0,A,V66I,-0.76,7.00,20.00
1EY0A,1EY0,A,V66K,-4.83,9.20,20.00
1EY0A,1EY0,A,V66M,-0.14,8.20,20.00
1EY0A,1EY0,A,V66S,-3.09,7.00,20.00
1EY0A,1EY0,A,V66T,-1.34,7.00,20.00
1EY0A,1EY0,A,V66W,-2.69,7.00,20.00
1EY0A,1EY0,A,V74A,-3.23,7.00,20.00
1EY0A,1EY0,A,V74I,-1.91,7.00,20.00
1EY0A,1EY0,A,V74L,-1.12,7.00,20.00
1EY0A,1EY0,A,V74T,-3.88,7.00,20.00
1EY0A,1EY0,A,V99A,-3.35,7.00,20.00
1EY0A,1EY0,A,V99I,-0.14,7.00,20.00
1EY0A,1EY0,A,V99L,-0.15,7.00,20.00
1EY0A,1EY0,A,V99T,-3.36,7.00,20.00
1EY0A,1EY0,A,Y113A,0.06,7.00,20.00
1EY0A,1EY0,A,Y113F,0.07,7.00,20.00
1EY0A,1EY0,A,Y113G,-0.20,7.00,20.00
1EY0A,1EY0,A,Y113L,0.20,7.00,20.00
1EY0A,1EY0,A,Y115A,-0.25,7.00,20.00
1EY0A,1EY0,A,Y115F,-0.02,7.00,20.00
1EY0A,1EY0,A,Y115G,-0.56,7.00,20.00
1EY0A,1EY0,A,Y115L,-0.22,7.00,20.00
1EY0A,1EY0,A,Y27A,-3.63,7.00,20.00
1EY0A,1EY0,A,Y27C,-2.72,7.00,20.00
1EY0A,1EY0,A,Y27F,-0.40,7.00,20.00
1EY0A,1EY0,A,Y27H,-1.86,7.00,20.00
1EY0A,1EY0,A,Y27I,-2.28,7.00,20.00
1EY0A,1EY0,A,Y27K,-3.78,7.00,20.00
1EY0A,1EY0,A,Y27L,-1.55,7.00,20.00
1EY0A,1EY0,A,Y27M,-1.94,7.00,20.00
1EY0A,1EY0,A,Y27N,-3.83,7.00,20.00
1EY0A,1EY0,A,Y27Q,-3.31,7.00,20.00
1EY0A,1EY0,A,Y27R,-3.05,7.00,20.00
1EY0A,1EY0,A,Y27S,-3.21,7.00,20.00
1EY0A,1EY0,A,Y27T,-3.18,7.00,20.00
1EY0A,1EY0,A,Y27V,-2.65,7.00,20.00
1EY0A,1EY0,A,Y27W,-0.72,7.00,20.00
1EY0A,1EY0,A,Y54A,-1.97,7.00,20.00
1EY0A,1EY0,A,Y54F,-0.38,7.00,20.00
1EY0A,1EY0,A,Y54G,-1.72,7.00,20.00
1EY0A,1EY0,A,Y54L,-3.31,7.00,20.00
1EY0A,1EY0,A,Y85A,-0.41,7.00,20.00
1EY0A,1EY0,A,Y85F,-0.07,7.00,20.00
1EY0A,1EY0,A,Y85G,-1.05,7.00,20.00
1EY0A,1EY0,A,Y85L,-0.15,7.00,20.00
1EY0A,1EY0,A,Y91F,-2.27,7.00,20.00
1EY0A,1EY0,A,Y91L,-3.83,7.00,20.00
1EY0A,1EY0,A,Y93F,-1.81,7.00,20.00
1EY0A,1EY0,A,Y93L,-4.53,7.00,20.00
1EY0A,1EY0,A,D77A,-2.39,6.50,21.60
1EY0A,1EY0,A,E75A,-1.69,6.20,22.50
1EY0A,1EY0,A,M26G,-1.95,6.20,22.50
1EY0A,1EY0,A,V23A,-2.70,6.20,22.50
1EY0A,1EY0,A,I18M,-0.68,6.70,23.60
1EY0A,1EY0,A,G88V,-0.24,6.80,28.90
1EY0A,1EY0,A,V66L,0.37,6.80,28.90
1EY0A,1EY0,A,V23F,-1.93,6.20,29.20
1EY0A,1EY0,A,A90S,-2.24,6.70,30.30
1EY0A,1EY0,A,S141A,-0.27,7.00,31.40
1EY0A,1EY0,A,G79S,-2.14,6.50,31.50
1EY0A,1EY0,A,H46Y,0.00,5.40,40.00
1EY0A,1EY0,A,L89F,-1.20,5.40,40.00
1EY0A,1EY0,A,L25A,-2.77,6.40,40.20
1EY0A,1EY0,A,H124L,1.31,5.90,46.90
1FKJA,1FKJ,A,E60A,-1.71,7.50,25.00
1FKJA,1FKJ,A,E60G,-2.62,7.50,25.00
1FKJA,1FKJ,A,E61A,-0.73,7.50,25.00
1FKJA,1FKJ,A,E61G,-2.20,7.50,25.00
1FKJA,1FKJ,A,F36A,-3.07,7.50,25.00
1FKJA,1FKJ,A,I56A,-2.04,7.50,25.00
1FKJA,1FKJ,A,I56D,-2.88,7.50,25.00
1FKJA,1FKJ,A,I56T,-1.95,7.50,25.00
1FKJA,1FKJ,A,I76A,-3.36,7.50,25.00
1FKJA,1FKJ,A,I76V,-0.33,7.50,25.00
1FKJA,1FKJ,A,I7V,-0.90,7.50,25.00
1FKJA,1FKJ,A,I91A,-1.33,7.50,25.00
1FKJA,1FKJ,A,I91V,-0.10,7.50,25.00
1FKJA,1FKJ,A,L106A,-2.08,7.50,25.00
1FKJA,1FKJ,A,L50A,-2.22,7.50,25.00
1FKJA,1FKJ,A,L97A,-3.01,7.50,25.00
1FKJA,1FKJ,A,R57A,-0.55,7.50,25.00
1FKJA,1FKJ,A,R57G,-1.89,7.50,25.00
1FKJA,1FKJ,A,T21A,-1.24,7.50,25.00
1FKJA,1FKJ,A,T21S,-1.06,7.50,25.00
1FKJA,1FKJ,A,T21V,0.56,7.50,25.00
1FKJA,1FKJ,A,T27A,-1.71,7.50,25.00
1FKJA,1FKJ,A,T27S,-1.07,7.50,25.00
1FKJA,1FKJ,A,T27V,0.58,7.50,25.00
1FKJA,1FKJ,A,T75A,-2.27,7.50,25.00
1FKJA,1FKJ,A,T75V,-0.70,7.50,25.00
1FKJA,1FKJ,A,V101A,-2.39,7.50,25.00
1FKJA,1FKJ,A,V23A,-2.62,7.50,25.00
1FKJA,1FKJ,A,V24A,-3.04,7.50,25.00
1FKJA,1FKJ,A,V2A,-2.18,7.50,25.00
1FKJA,1FKJ,A,V4A,-2.26,7.50,25.00
1FKJA,1FKJ,A,V55A,-1.78,7.50,25.00
1FKJA,1FKJ,A,V63A,-2.56,7.50,25.00
1FKJA,1FKJ,A,V98A,-1.99,7.50,25.00
1FKJA,1FKJ,A,W59F,2.72,7.50,25.00
1FKJA,1FKJ,A,W59L,2.35,7.50,25.00
1FLVA,1FTG,A,I22V,-1.66,7.00,25.00
1FLVA,1FTG,A,A84G,-1.90,7.00,34.60
1FLVA,1FTG,A,D43A,0.07,7.00,34.60
1FLVA,1FTG,A,D65K,-0.10,7.00,34.60
1FLVA,1FTG,A,E61K,0.51,7.00,34.60
1FLVA,1FTG,A,I104V,-0.57,7.00,34.60
1FLVA,1FTG,A,I156V,-3.16,7.00,34.60
1FLVA,1FTG,A,I51V,-1.75,7.00,34.60
1FLVA,1FTG,A,I52V,-1.19,7.00,34.60
1FLVA,1FTG,A,L143A,-0.17,7.00,34.60
1FLVA,1FTG,A,L6A,-3.11,7.00,34.60
1FLVA,1FTG,A,N97A,-0.58,7.00,34.60
1FLVA,1FTG,A,Q99A,1.59,7.00,34.60
1FLVA,1FTG,A,S110A,-0.73,7.00,34.60
1FLVA,1FTG,A,S71A,-0.44,7.00,34.60
1FLVA,1FTG,A,T122S,0.03,7.00,34.60
1FLVA,1FTG,A,V117A,-2.02,7.00,34.60
1FLVA,1FTG,A,V139A,-1.09,7.00,34.60
1FLVA,1FTG,A,V160A,-2.07,7.00,34.60
1FLVA,1FTG,A,V31A,-1.85,7.00,34.60
1FLVA,1FTG,A,D126K,0.81,7.00,37.80
1FLVA,1FTG,A,D150K,-0.21,7.00,37.80
1FLVA,1FTG,A,D75K,1.03,7.00,37.80
1FLVA,1FTG,A,E20K,1.16,7.00,37.80
1FLVA,1FTG,A,E40K,1.61,7.00,37.80
1FLVA,1FTG,A,E72K,1.41,7.00,37.80
1FLVA,1FTG,A,I22A,-1.70,7.00,44.20
1FNFA,1FNA,A,A13G,-1.18,5.00,25.00
1FNFA,1FNA,A,A57G,-2.49,5.00,25.00
1FNFA,1FNA,A,A74G,-1.56,5.00,25.00
1FNFA,1FNA,A,F48A,-1.98,5.00,25.00
1FNFA,1FNA,A,I20A,-0.65,5.00,25.00
1FNFA,1FNA,A,I20V,-0.18,5.00,25.00
1FNFA,1FNA,A,I34A,-4.86,5.00,25.00
1FNFA,1FNA,A,I34V,-0.11,5.00,25.00
1FNFA,1FNA,A,I59A,-3.33,5.00,25.00
1FNFA,1FNA,A,I59V,-0.72,5.00,25.00
1FNFA,1FNA,A,I70A,-4.11,5.00,25.00
1FNFA,1FNA,A,I70V,-1.28,5.00,25.00
1FNFA,1FNA,A,I88A,-0.67,5.00,25.00
1FNFA,1FNA,A,I88V,-0.33,5.00,25.00
1FNFA,1FNA,A,I90A,-0.69,5.00,25.00
1FNFA,1FNA,A,I90V,-0.40,5.00,25.00
1FNFA,1FNA,A,L18A,-0.99,5.00,25.00
1FNFA,1FNA,A,L62A,-2.88,5.00,25.00
1FNFA,1FNA,A,L8A,-1.81,5.00,25.00
1FNFA,1FNA,A,S85A,0.13,5.00,25.00
1FNFA,1FNA,A,V10A,-1.17,5.00,25.00
1FNFA,1FNA,A,V29A,-1.37,5.00,25.00
1FNFA,1FNA,A,V50A,-2.85,5.00,25.00
1FNFA,1FNA,A,V66A,-0.91,5.00,25.00
1FNFA,1FNA,A,V72A,-3.17,5.00,25.00
1FNFA,1FNA,A,W22F,-1.97,5.00,25.00
1FNFA,1FNA,A,Y32A,-4.23,5.00,25.00
1FNFA,1FNA,A,Y32F,-0.54,5.00,25.00
1FNFA,1FNA,A,Y32L,-2.74,5.00,25.00
1FNFA,1FNA,A,Y36A,-1.49,5.00,25.00
1FNFA,1FNA,A,Y68A,-1.88,5.00,25.00
1FNFA,1FNA,A,Y68F,-2.14,5.00,25.00
1FNFA,1FNA,A,Y92A,-1.11,5.00,25.00
1FNFA,1FNA,A,Y92F,0.13,5.00,25.00
1G6NA,1G6N,A,S128A,-0.26,7.90,20.00
1H7MA,1H7M,A,D12A,0.24,7.40,25.00
1H7MA,1H7M,A,D2A,-0.53,7.40,25.00
1H7MA,1H7M,A,D44A,0.05,7.40,25.00
1H7MA,1H7M,A,D48A,0.36,7.40,25.00
1H7MA,1H7M,A,D87A,-1.36,7.40,25.00
1H7MA,1H7M,A,E47A,-0.05,7.40,25.00
1H7MA,1H7M,A,E50A,0.57,7.40,25.00
1H7MA,1H7M,A,E62A,-1.29,7.40,25.00
1H7MA,1H7M,A,E64A,-0.26,7.40,25.00
1H7MA,1H7M,A,E69A,-0.74,7.40,25.00
1H7MA,1H7M,A,E6A,-0.77,7.40,25.00
1H7MA,1H7M,A,E90A,-0.41,7.40,25.00
1H7MA,1H7M,A,H78A,-0.50,7.40,25.00
1H7MA,1H7M,A,K15A,-0.91,7.40,25.00
1H7MA,1H7M,A,K22A,0.43,7.40,25.00
1H7MA,1H7M,A,K28A,-1.20,7.40,25.00
1H7MA,1H7M,A,K33A,0.12,7.40,25.00
1H7MA,1H7M,A,K46A,-1.10,7.40,25.00
1H7MA,1H7M,A,K9A,-0.29,7.40,25.00
1H7MA,1H7M,A,R21A,0.07,7.40,25.00
1H7MA,1H7M,A,R39A,-0.07,7.40,25.00
1H7MA,1H7M,A,R42A,0.33,7.40,25.00
1H7MA,1H7M,A,R54A,-0.26,7.40,25.00
1H7MA,1H7M,A,R76A,0.19,7.40,25.00
1H7MA,1H7M,A,R8A,-0.77,7.40,25.00
1H7MA,1H7M,A,R92A,-0.31,7.40,25.00
1HK0X,1HK0,X,F56A,-1.20,7.00,37.00
1HK0X,1HK0,X,I81A,-2.60,7.00,37.00
1HK0X,1HK0,X,L145A,-2.60,7.00,37.00
1HK0X,1HK0,X,M147A,-1.10,7.00,37.00
1HK0X,1HK0,X,M43A,-0.70,7.00,37.00
1HK0X,1HK0,X,Q143A,-0.40,7.00,37.00
1HK0X,1HK0,X,Q54A,0.50,7.00,37.00
1HK0X,1HK0,X,R79A,-2.30,7.00,37.00
1HK0X,1HK0,X,V132A,-3.80,7.00,37.00
1HK0X,1HK0,X,V170A,1.30,7.00,37.00
1HMEA,1HME,A,G35H,-0.33,7.00,20.00
1HMEA,1HME,A,I34H,-0.95,7.00,20.00
1HMEA,1HME,A,S33H,-1.85,7.00,20.00
1HMSA,1HMS,A,F16Y,-2.56,8.00,25.00
1HMSA,1HMS,A,F57S,-2.43,8.00,25.00
1HMSA,1HMS,A,R106T,-2.84,8.00,25.00
1HMSA,1HMS,A,R126K,-3.26,8.00,25.00
1HMSA,1HMS,A,R126Q,-0.31,8.00,25.00
1HMSA,1HMS,A,T40E,-2.40,8.00,25.00
1HMSA,1HMS,A,T40Q,-2.73,8.00,25.00
1HMSA,1HMS,A,T40V,-0.76,8.00,25.00
1HMSA,1HMS,A,Y128F,-2.68,8.00,25.00
1HMSA,1HMS,A,E72S,-3.67,8.00,37.00
1HMSA,1HMS,A,F16S,-3.98,8.00,37.00
1HMSA,1HMS,A,F4S,-3.67,8.00,37.00
1HMSA,1HMS,A,F64S,-3.82,8.00,37.00
1HMSA,1HMS,A,G67S,-1.22,8.00,37.00
1HMSA,1HMS,A,K21I,0.00,8.00,37.00
1HMSA,1HMS,A,L66G,-3.67,8.00,37.00
1HMSA,1HMS,A,W8E,-3.82,8.00,37.00
1HMSA,1IFC,A,A104C,1.32,8.10,20.00
1HMSA,1IFC,A,G65A,-0.94,7.40,20.00
1HMSA,1IFC,A,I23C,0.51,8.10,20.00
1HMSA,1IFC,A,L64A,-1.68,7.40,20.00
1HMSA,1IFC,A,L64G,-2.26,7.40,20.00
1HMSA,1IFC,A,L72C,0.02,8.10,20.00
1HMSA,1IFC,A,L89C,-1.25,8.10,20.00
1HMSA,1IFC,A,S53C,0.31,8.10,20.00
1HMSA,1IFC,A,V60C,-0.07,8.10,20.00
1HMSA,1IFC,A,F68A,-0.42,7.00,25.00
1HMSA,1IFC,A,F93A,-2.37,7.00,25.00
1HMSA,1IFC,A,V60N,-0.83,7.00,25.00
1HMSA,1IFC,A,W6Y,-0.87,7.00,25.00
1HMSA,1IFC,A,W82Y,-0.39,7.00,25.00
1HTIA,1HTI,A,K193A,0.50,8.00,25.00
1HTIA,1HTI,A,Q179A,0.05,8.00,25.00
1HTIA,1HTI,A,Q179D,0.75,8.00,25.00
1HTIA,1HTI,A,S105D,-0.65,8.00,25.00
1HUEA,1HUU,A,A27S,-1.19,7.00,63.90
1HUEA,1HUU,A,A56S,-0.13,7.00,63.90
1HUEA,1HUU,A,M69I,0.00,7.00,63.90
1HUEA,1HUU,A,S31T,0.41,7.00,63.90
1HUEA,1HUU,A,V42I,-0.82,7.00,63.90
1IETA,1IET,A,D60R,0.14,7.20,25.00
1IMQA,1IMQ,A,A25G,-0.14,6.00,10.00
1IMQA,1IMQ,A,E31L,-0.67,6.00,10.00
1IMQA,1IMQ,A,E41V,0.89,6.00,10.00
1IMQA,1IMQ,A,V19L,-1.82,6.00,10.00
1IMQA,1IMQ,A,V34L,0.33,6.00,10.00
1IMQA,1IMQ,A,V37L,-0.26,6.00,10.00
1IMQA,1IMQ,A,V68I,-0.81,6.00,10.00
1IMQA,1IMQ,A,V71I,0.07,6.00,10.00
1IO2A,1IO2,A,D105A,1.72,9.00,50.00
1IO2A,1IO2,A,D135A,1.82,9.00,50.00
1IO2A,1IO2,A,D7N,0.46,9.00,50.00
1IO2A,1IO2,A,E8A,1.77,9.00,50.00
1IO2A,1IO2,A,E8Q,-1.25,9.00,50.00
1IOBA,2NVH,A,C8A,-2.02,6.50,25.00
1IOBA,2NVH,A,C8S,-3.74,6.50,25.00
1IOBA,2NVH,A,K97G,-1.65,6.50,25.00
1IOBA,2NVH,A,K97R,-1.80,6.50,25.00
1IOBA,2NVH,A,K97V,1.15,6.50,25.00
1IOBA,2NVH,A,L10A,-3.90,6.50,25.00
1IOBA,2NVH,A,L6A,-2.13,6.50,25.00
1IOBA,2NVH,A,N7D,0.09,6.50,25.00
1IOBA,2NVH,A,N7G,-1.91,6.50,25.00
1IOBA,2NVH,A,R4Q,-0.57,6.50,25.00
1IOBA,2NVH,A,T9A,-1.45,6.50,25.00
1IOBA,2NVH,A,T9G,-2.91,6.50,25.00
1IOBA,2NVH,A,T9L,-1.90,6.50,25.00
1IOBA,2NVH,A,T9Q,-2.53,6.50,25.00
1JIWI,1JIW,I,D10A,-0.70,7.10,25.00
1JIWI,1JIW,I,W15F,-2.30,7.10,25.00
1K9QA,1K9Q,A,A20R,0.89,7.00,56.70
1K9QA,1K9Q,A,D34T,0.37,7.00,56.70
1K9QA,1K9Q,A,L30Y,0.27,7.00,56.70
1KCQA,1KCQ,A,D187Y,-2.03,7.20,15.00
1KCQA,1KCQ,A,D187N,-1.05,7.20,25.00
1KDXA,1KDX,A,Y640F,0.00,6.00,25.00
1KFWA,1KFW,A,G405Q,0.62,7.50,16.00
1KFWA,1KFW,A,N197K,0.81,7.50,16.00
1LBIA,1LBI,A,K84L,-0.20,7.40,25.00
1LS4A,1AEP,A,A137K,-1.40,7.40,25.00
1LS4A,1AEP,A,L14K,-1.18,7.40,25.00
1LS4A,1AEP,A,T141A,-1.03,7.40,25.00
1LS4A,1AEP,A,T28A,0.48,7.40,25.00
1LUCA,1LUC,A,A81H,-2.70,7.00,25.00
1LUCA,1LUC,B,H81A,-2.10,7.00,25.00
1LUCA,1LUC,B,H82A,-2.70,7.00,25.00
1LVEA,1LVE,A,I106L,-0.51,7.50,25.00
1LVEA,1LVE,A,K30R,-0.55,7.50,25.00
1LVEA,1LVE,A,K30T,-1.33,7.50,25.00
1LVEA,1LVE,A,K39T,-2.29,7.50,25.00
1LVEA,1LVE,A,L27CN,-0.57,7.50,25.00
1LVEA,1LVE,A,L27CQ,0.63,7.50,25.00
1LVEA,1LVE,A,M4L,1.04,7.50,25.00
1LVEA,1LVE,A,N28F,-2.41,7.50,25.00
1LVEA,1LVE,A,Q38N,-1.60,7.50,25.00
1LVEA,1LVE,A,Q89H,-0.90,7.50,25.00
1LVEA,1LVE,A,Q89N,-1.26,7.50,25.00
1LVEA,1LVE,A,S29N,0.39,7.50,25.00
1LVEA,1LVE,A,S97T,0.13,7.50,25.00
1LVEA,1LVE,A,T94H,0.73,7.50,25.00
1LVEA,1LVE,A,V27BL,1.67,7.50,25.00
1LVEA,1LVE,A,Y27DD,2.19,7.50,25.00
1LVEA,1LVE,A,Y96Q,-2.09,7.50,25.00
1LVEA,2IMM,A,A100G,0.02,7.40,20.00
1LVEA,2IMM,A,A15L,1.36,7.40,20.00
1LVEA,2IMM,A,F32Y,0.38,7.40,20.00
1LVEA,2IMM,A,K24R,-0.17,7.40,20.00
1LVEA,2IMM,A,L106I,0.36,7.40,20.00
1LVEA,2IMM,A,M21I,0.24,7.40,20.00
1LVEA,2IMM,A,M21L,-0.31,7.40,20.00
1LVEA,2IMM,A,N90Q,1.05,7.40,20.00
1LVEA,2IMM,A,Q79E,-0.41,7.40,20.00
1LVEA,2IMM,A,T63S,0.29,7.40,20.00
1MBGA,1MBG,A,V103L,2.08,7.40,21.40
1MBGA,1MBG,A,V103A,-2.32,7.50,25.00
1MBGA,1MBG,A,V103I,0.69,7.50,25.00
1MGRA,1LNI,A,D17K,-1.10,7.00,25.00
1MGRA,1LNI,A,Y30F,0.40,7.00,25.00
1MGRA,1LNI,A,Y49F,-0.20,7.00,25.00
1MGRA,1LNI,A,Y51F,-2.30,7.00,25.00
1MGRA,1LNI,A,Y52F,-3.60,7.00,25.00
1MGRA,1LNI,A,Y55F,-0.60,7.00,25.00
1MGRA,1LNI,A,Y80F,-1.50,7.00,25.00
1MGRA,1LNI,A,Y81F,-1.20,7.00,25.00
1MGRA,1LNI,A,Y86F,-0.30,7.00,25.00
1MGRA,1LNI,A,D25K,0.90,7.00,36.10
1MGRA,1LNI,A,E41K,-1.11,6.60,42.20
1MGRA,1LNI,A,E74K,0.84,6.70,43.50
1MGRA,1LNI,A,Q94K,0.56,6.80,47.50
1MGRA,1LNI,A,N39A,-2.20,7.00,48.40
1MGRA,1LNI,A,N39D,-1.50,7.00,48.40
1MGRA,1LNI,A,N39S,-2.30,7.00,48.40
1MGRA,1LNI,A,T16V,0.30,7.00,48.40
1MGRA,1LNI,A,T18V,-1.40,7.00,48.40
1MGRA,1LNI,A,T56V,-1.90,7.00,48.40
1MGRA,1LNI,A,T59V,-1.70,7.00,48.40
1MGRA,1LNI,A,T5V,0.00,7.00,48.40
1MGRA,1LNI,A,T67V,0.00,7.00,48.40
1MGRA,1LNI,A,T72V,-0.20,7.00,48.40
1MGRA,1LNI,A,T82V,-1.70,7.00,48.40
1MGRA,1LNI,A,V2T,-0.90,7.00,48.40
1MGRA,1LNI,A,V36T,-1.30,7.00,48.40
1MGRA,1LNI,A,V43T,-0.50,7.00,48.40
1MGRA,1LNI,A,V57T,-4.40,7.00,48.40
1MGRA,1LNI,A,D79A,2.48,6.80,49.10
1MGRA,1LNI,A,D79F,2.73,6.80,49.10
1MGRA,1LNI,A,D79N,1.46,6.80,49.10
1MGRA,1LNI,A,E54Q,-1.96,6.30,51.90
1MGRA,1LNI,A,H85Q,0.00,6.30,51.90
1MGRA,1LNI,A,Q38A,0.74,6.30,51.90
1MGRA,1LNI,A,R65A,-1.13,6.30,51.90
1MGRA,1LNI,A,D79E,-0.40,7.00,52.60
1MGRA,1LNI,A,D79H,1.70,7.00,52.60
1MGRA,1LNI,A,D79I,2.85,7.00,52.60
1MGRA,1LNI,A,D79K,2.35,7.00,52.60
1MGRA,1LNI,A,D79L,2.65,7.00,52.60
1MGRA,1LNI,A,D79R,2.70,7.00,52.60
1MGRA,1LNI,A,D79W,2.25,7.00,52.60
1MGRA,1LNI,A,D79Y,2.90,7.00,52.60
1MGRA,1MGR,A,Y11F,-0.60,7.00,25.00
1MGRA,1MGR,A,Y33F,0.50,7.00,25.00
1MGRA,1MGR,A,Y54F,-2.60,7.00,25.00
1MGRA,1MGR,A,Y55F,-2.10,7.00,25.00
1MGRA,1MGR,A,Y58F,-0.70,7.00,25.00
1MGRA,1MGR,A,Y83F,-1.50,7.00,25.00
1MGRA,1MGR,A,Y84F,-1.00,7.00,25.00
1MGRA,1MGR,A,Y89F,0.00,7.00,25.00
1MJCA,1C9O,A,E50W,0.07,7.00,25.00
1MJCA,1C9O,A,F38W,0.24,7.00,25.00
1MJCA,1C9O,A,E46A,0.01,7.00,47.60
1MJCA,1C9O,A,G23Q,-0.13,7.00,47.60
1MJCA,1C9O,A,L66E,-0.97,7.00,47.60
1MJCA,1C9O,A,N11S,0.11,7.00,47.60
1MJCA,1C9O,A,Q2L,0.48,7.00,47.60
1MJCA,1C9O,A,Q53E,-0.03,7.00,47.60
1MJCA,1C9O,A,R3E,-1.46,7.00,47.60
1MJCA,1C9O,A,R3L,-0.11,7.00,47.60
1MJCA,1C9O,A,S24D,0.17,7.00,47.60
1MJCA,1C9O,A,T31S,0.10,7.00,47.60
1MJCA,1C9O,A,V64T,-0.30,7.00,47.60
1MJCA,1C9O,A,Y15F,-0.05,7.00,47.60
1MJCA,1C9O,A,E21A,-0.29,7.00,70.00
1MJCA,1C9O,A,R3A,-1.88,7.00,70.00
1MJCA,1C9O,A,R3K,-0.19,7.00,70.00
1MJCA,1C9O,A,E12K,-0.32,7.00,75.00
1MJCA,1C9O,A,E21K,-0.31,7.00,75.00
1MJCA,1C9O,A,E36K,-0.45,7.00,75.00
1MJCA,1C9O,A,E46K,-0.57,7.00,75.00
1MJCA,1C9O,A,E50K,-0.58,7.00,75.00
1MJCA,1C9O,A,H29E,-0.61,7.00,75.00
1MJCA,1C9O,A,N55K,-0.03,7.00,75.00
1MJCA,1C9O,A,R56E,0.69,7.00,75.00
1MJCA,1CSP,A,F38A,0.22,7.00,42.50
1MJCA,1CSP,A,F15A,-2.07,7.00,43.30
1MJCA,1CSP,A,F17A,-1.47,7.00,43.30
1MJCA,1CSP,A,F27A,-0.84,7.00,43.30
1MJCA,1CSP,A,E66L,1.60,7.00,47.60
1MJCA,1CSP,A,E3R,1.77,7.30,52.80
1MJCA,1CSP,A,D25Q,-0.79,7.50,55.00
1MJCA,1CSP,A,E3Q,1.14,7.50,55.00
1MJCA,1CSP,A,E50Q,-1.16,7.50,55.00
1MJCA,1CSP,A,N10D,0.38,7.50,55.00
1MJCA,1CSP,A,R56Q,0.28,7.50,55.00
1MJCA,1CSP,A,S48E,0.04,7.50,55.00
1MJCA,1CSP,A,A46E,-0.59,7.00,70.00
1MJCA,1CSP,A,A46K,1.41,7.00,70.00
1MJCA,1CSP,A,E3K,2.75,7.00,70.00
1MJCA,1CSP,A,E3L,1.59,7.00,70.00
1MJCA,1CSP,A,E43S,0.29,7.00,70.00
1MJCA,1CSP,A,E66K,2.18,7.00,70.00
1MJCA,1CSP,A,K65I,1.53,7.00,70.00
1MJCA,1CSP,A,M1R,1.75,7.00,70.00
1MJCA,1CSP,A,S48R,1.58,7.00,70.00
1MJCA,1MJC,A,F18L,-1.00,7.00,25.00
1MJCA,1MJC,A,F18S,-1.54,7.00,25.00
1MJCA,1MJC,A,F20L,-0.31,7.00,25.00
1MJCA,1MJC,A,F20S,-1.16,7.00,25.00
1MJCA,1MJC,A,F31L,-0.66,7.00,25.00
1MJCA,1MJC,A,F31S,-1.03,7.00,25.00
1MJCA,1MJC,A,S52W,-0.20,7.00,25.00
1MJCA,1MJC,A,T68W,0.70,7.00,25.00
1MJCA,1MJC,A,Y42W,0.15,7.00,25.00
1MSIA,1MSI,A,D36A,0.30,7.00,25.00
1MSIA,1MSI,A,D58N,-0.20,7.00,25.00
1MSIA,1MSI,A,E25A,-0.09,7.00,25.00
1MSIA,1MSI,A,R23A,-0.89,7.00,25.00
1MSIA,1MSI,A,R39A,-0.80,7.00,25.00
1MSIA,1MSI,A,R47A,-0.74,7.00,25.00
1N0JA,1N0J,A,I58T,-2.95,7.80,88.90
1N0JA,1N0J,A,Q143N,1.04,7.80,88.90
1N0JA,1N0J,A,Y34F,4.75,7.80,88.90
1OH0A,1OH0,A,V101L,-1.72,7.00,25.00
1OH0A,1OH0,A,Y16F,-1.79,7.00,25.00
1OH0A,1OH0,A,Y32F,0.20,7.00,25.00
1OH0A,1OH0,A,Y57F,-1.22,7.00,25.00
1OH0A,1OH0,A,Y57S,-4.53,7.00,25.00
1OIAA,1OIA,A,Y13F,-0.70,7.00,22.00
1OIAA,1OIA,A,Y13T,-1.30,7.00,22.00
1OIAA,1OIA,A,Y31F,0.00,7.00,22.00
1OIAA,1OIA,A,Y31S,-2.30,7.00,22.00
1OIAA,1OIA,A,Y78F,0.00,7.00,22.00
1OIAA,1OIA,A,Y86F,-2.60,7.00,22.00
1OIAA,1OIA,A,Y86T,-2.90,7.00,22.00
1ONCA,1ONC,A,M23L,-2.76,7.00,0.40
1ONCA,1ONC,A,F28A,-5.00,5.50,20.00
1ONCA,1ONC,A,F36Y,-4.67,5.50,20.00
1P2PA,1G4I,A,F106A,-1.23,8.00,25.00
1P2PA,1G4I,A,F106I,0.95,8.00,30.00
1P2PA,1G4I,A,F106Y,0.07,8.00,30.00
1P2PA,1G4I,A,F22A,0.25,8.00,30.00
1P2PA,1G4I,A,F22I,1.43,8.00,30.00
1P2PA,1G4I,A,F22Y,0.83,8.00,30.00
1P2PA,1G4I,A,H48A,-1.93,8.00,30.00
1P2PA,1G4I,A,H48N,-2.44,8.00,30.00
1P2PA,1G4I,A,H48Q,-0.49,8.00,30.00
1P2PA,1P2P,A,H48K,-2.12,7.00,20.00
1P2PA,1P2P,A,H48N,-1.69,7.00,20.00
1P2PA,1P2P,A,H48Q,-0.64,7.00,20.00
1PDOA,1PDO,A,W12F,1.79,7.40,22.00
1PDOA,1PDO,A,W33F,-1.08,7.40,22.00
1PDOA,1PDO,A,W69F,-2.15,7.40,22.00
1PGAA,1PGA,A,T53A,-0.51,5.20,20.00
1PGAA,1PGA,A,T53D,-1.15,5.20,20.00
1PGAA,1PGA,A,T53E,-0.40,5.20,20.00
1PGAA,1PGA,A,T53R,-0.28,5.20,20.00
1PGAA,1PGA,A,D22G,-1.52,5.50,25.00
1PGAA,1PGA,A,I6L,-1.39,5.40,25.00
1PGAA,1PGA,A,T53F,0.55,5.20,37.10
1PGAA,1PGA,A,T53I,-0.10,5.20,37.10
1PGAA,1PGA,A,I6N,-1.73,5.20,44.00
1PGAA,1PGA,A,I6T,-1.79,5.20,44.00
1PGAA,1PGA,A,T53V,-0.58,5.20,44.00
1PGAA,1PGA,A,T53Y,0.52,5.20,44.00
1QGVA,1QGV,A,G126D,-0.93,7.80,20.00
1QM4A,1QM4,A,R265H,-3.11,8.00,25.00
1QNDA,1QND,A,C71S,-1.38,6.80,20.00
1RG8A,1RG8,A,A103G,-0.46,6.60,24.90
1RG8A,1RG8,A,G62A,-1.48,6.60,24.90
1RG8A,1RG8,A,G62N,-0.97,6.60,24.90
1RG8A,1RG8,A,H93A,-0.60,6.60,24.90
1RG8A,1RG8,A,H93N,0.19,6.60,24.90
1RG8A,1RG8,A,N106G,0.16,6.60,24.90
1RG8A,1RG8,A,C16S,-2.81,6.60,25.00
1RG8A,1RG8,A,H93G,1.34,6.60,28.60
1RG8A,1RG8,A,C117S,-0.64,6.60,29.60
1RG8A,1RG8,A,C83S,-1.78,6.60,29.60
1RG8A,1RG8,A,F108Y,0.49,7.30,34.50
1RG8A,1RG8,A,H102Y,0.39,7.30,34.50
1RG8A,1RG8,A,H21Y,0.79,7.30,34.50
1RG8A,1RG8,A,L44F,0.59,7.30,34.50
1RG8A,1RG8,A,V109I,-0.05,7.30,34.50
1RG8A,1RG8,A,L73V,-1.46,6.60,40.00
1RG8A,1RG8,A,V109L,-0.57,6.60,40.00
1RHGA,1RHG,A,E33A,0.31,5.90,25.00
1RHGA,1RHG,A,E46A,-0.32,5.90,25.00
1RHGA,1RHG,A,G149A,1.38,7.00,25.00
1RHGA,1RHG,A,G150A,1.94,7.00,25.00
1RHGA,1RHG,A,G26A,1.93,7.00,25.00
1RHGA,1RHG,A,G28A,2.35,7.00,25.00
1RHGA,1RHG,A,G73A,0.89,7.00,25.00
1RHGA,1RHG,A,G81A,-0.76,7.00,25.00
1RHGA,1RHG,A,G87A,-0.97,7.00,25.00
1RHGA,1RHG,A,L50E,-0.19,5.90,25.00
1RISA,1RIS,A,A35G,-0.77,8.00,25.00
1RISA,1RIS,A,E22Q,-1.12,8.00,25.00
1RISA,1RIS,A,F60A,-0.81,8.00,25.00
1RISA,1RIS,A,I26A,-2.84,8.00,25.00
1RISA,1RIS,A,I52A,-0.36,8.00,25.00
1RISA,1RIS,A,I8A,-3.56,8.00,25.00
1RISA,1RIS,A,L21A,-0.16,8.00,25.00
1RISA,1RIS,A,L48A,-0.21,8.00,25.00
1RISA,1RIS,A,L75A,-1.35,8.00,25.00
1RISA,1RIS,A,L79A,-3.91,8.00,25.00
1RISA,1RIS,A,V37A,-2.55,8.00,25.00
1RISA,1RIS,A,V65A,-2.89,8.00,25.00
1RISA,1RIS,A,V6A,-2.93,8.00,25.00
1RISA,1RIS,A,V85A,-3.02,8.00,25.00
1RISA,1RIS,A,V88A,-1.68,8.00,25.00
1RISA,1RIS,A,Y33A,0.41,8.00,25.00
1RN1C,1RN1,C,D76A,-3.76,7.00,15.00
1RN1C,1RN1,C,D76S,-3.17,7.00,15.00
1RN1C,1RN1,C,D76N,-3.39,7.00,17.20
1RN1C,1RN1,C,A21G,-1.10,7.40,25.00
1RN1C,1RN1,C,G23A,-1.20,7.40,25.00
1RN1C,1RN1,C,H40T,-0.26,6.00,25.00
1RN1C,1RN1,C,H92A,-0.62,6.00,25.00
1RN1C,1RN1,C,V16A,-2.34,7.00,25.00
1RN1C,1RN1,C,V16C,-4.99,7.00,25.00
1RN1C,1RN1,C,V16S,-4.68,7.00,25.00
1RN1C,1RN1,C,V16T,-3.65,7.00,25.00
1RN1C,1RN1,C,V78A,-4.08,7.00,25.00
1RN1C,1RN1,C,V78C,-3.67,7.00,25.00
1RN1C,1RN1,C,V78S,-4.73,7.00,25.00
1RN1C,1RN1,C,V78T,-3.59,7.00,25.00
1RN1C,1RN1,C,V89C,-3.54,7.00,25.00
1RN1C,1RN1,C,V89S,-4.87,7.00,25.00
1RN1C,1RN1,C,V89T,-3.07,7.00,25.00
1RN1C,1RN1,C,W59Y,-0.93,6.00,25.00
1RN1C,1RN1,C,Y24W,1.24,6.00,25.00
1RN1C,1RN1,C,Y42W,-0.14,6.00,25.00
1RN1C,1RN1,C,Y45W,0.74,6.00,25.00
1RN1C,1RN1,C,E58A,-0.42,7.00,31.50
1RN1C,1RN1,C,N44D,-1.58,6.30,35.80
1RN1C,1RN1,C,Q25K,0.88,7.00,36.80
1RN1C,1RN1,C,D49A,0.50,6.30,37.30
1RN1C,1RN1,C,N44A,-1.88,7.00,37.90
1RN1C,1RN1,C,N44S,-1.77,7.00,37.90
1RN1C,1RN1,C,D49H,1.10,6.50,40.70
1RN1C,1RN1,C,D49Y,0.00,7.00,52.40
1RN1C,1RN1,C,D49F,0.10,7.00,52.70
1ROPA,1ROP,A,L41A,-3.06,6.00,25.00
1ROPA,1ROP,A,L41V,-1.26,6.00,25.00
1ROPA,1ROP,A,D30A,0.30,7.00,69.00
1ROPA,1ROP,A,D30C,0.80,7.00,69.00
1ROPA,1ROP,A,D30E,1.00,7.00,69.00
1ROPA,1ROP,A,D30F,-0.10,7.00,69.00
1ROPA,1ROP,A,D30G,2.00,7.00,69.00
1ROPA,1ROP,A,D30H,0.90,7.00,69.00
1ROPA,1ROP,A,D30I,-0.80,7.00,69.00
1ROPA,1ROP,A,D30K,0.90,7.00,69.00
1ROPA,1ROP,A,D30L,-0.10,7.00,69.00
1ROPA,1ROP,A,D30M,0.60,7.00,69.00
1ROPA,1ROP,A,D30N,0.80,7.00,69.00
1ROPA,1ROP,A,D30Q,1.80,7.00,69.00
1ROPA,1ROP,A,D30R,0.80,7.00,69.00
1ROPA,1ROP,A,D30S,1.00,7.00,69.00
1ROPA,1ROP,A,D30T,-0.40,7.00,69.00
1ROPA,1ROP,A,D30V,-0.40,7.00,69.00
1ROPA,1ROP,A,D30W,-0.40,7.00,69.00
1ROPA,1ROP,A,D30Y,0.20,7.00,69.00
1RTBA,1RTB,A,F46L,-3.21,6.00,24.90
1RTBA,1RTB,A,F46V,-4.55,6.00,24.90
1RTBA,1RTB,A,D121A,-1.95,5.20,25.00
1RTBA,1RTB,A,D121N,-1.71,5.20,25.00
1RTBA,1RTB,A,H119A,0.35,5.20,25.00
1RTBA,1RTB,A,A109G,-0.43,5.00,40.00
1RTBA,1RTB,A,A64G,-0.44,5.00,40.00
1RTBA,1RTB,A,I106A,-4.38,5.00,40.00
1RTBA,1RTB,A,I106L,-1.79,5.00,40.00
1RTBA,1RTB,A,I106V,-0.80,5.00,40.00
1RTBA,1RTB,A,I107A,-2.85,5.00,40.00
1RTBA,1RTB,A,I107L,-2.20,5.00,40.00
1RTBA,1RTB,A,I107V,-0.08,5.00,40.00
1RTBA,1RTB,A,I81A,-2.99,5.00,40.00
1RTBA,1RTB,A,I81G,-4.81,5.00,40.00
1RTBA,1RTB,A,I81V,-0.43,5.00,40.00
1RTBA,1RTB,A,V108A,-4.20,5.00,40.00
1RTBA,1RTB,A,V108I,-0.44,5.00,40.00
1RTBA,1RTB,A,V108L,-0.70,5.00,40.00
1RTBA,1RTB,A,V116A,-0.67,5.00,40.00
1RTBA,1RTB,A,V116G,-1.18,5.00,40.00
1RTBA,1RTB,A,V118A,-1.92,5.00,40.00
1RTBA,1RTB,A,V118G,-2.78,5.00,40.00
1RTBA,1RTB,A,V47A,-3.80,5.00,40.00
1RTBA,1RTB,A,V54A,-2.58,5.00,40.00
1RTBA,1RTB,A,V54G,-4.87,5.00,40.00
1RTBA,1RTB,A,V54I,-1.95,5.00,40.00
1RTBA,1RTB,A,V54L,-1.09,5.00,40.00
1RTBA,1RTB,A,V57A,-2.85,5.00,40.00
1RTBA,1RTB,A,V57I,-1.30,5.00,40.00
1RTBA,1RTB,A,V57L,-2.37,5.00,40.00
1RTBA,1RTB,A,V63A,-2.03,5.00,40.00
1RTBA,1RTB,A,V63G,-3.50,5.00,40.00
1RTBA,1RTB,A,A4S,-0.45,7.10,62.00
1RTBA,1RTB,A,A5S,-0.27,7.10,62.00
1RTBA,1RTB,A,S123A,0.69,7.10,62.00
1RTBA,1RTB,A,Y97F,-3.54,5.00,63.30
1RTP1,1RTP,1,K80S,-0.29,7.40,45.80
1RX4A,5DFR,A,C152E,-0.97,7.80,15.00
1RX4A,5DFR,A,C85S,-0.97,7.80,15.00
1RX4A,5DFR,A,D122A,-1.00,7.80,15.00
1RX4A,5DFR,A,D27N,1.21,7.80,15.00
1RX4A,5DFR,A,E139K,-1.59,7.80,15.00
1RX4A,5DFR,A,E139Q,-0.89,7.80,15.00
1RX4A,5DFR,A,F31A,-1.72,7.80,15.00
1RX4A,5DFR,A,F31V,-1.46,7.80,15.00
1RX4A,5DFR,A,G121A,-0.01,7.00,15.00
1RX4A,5DFR,A,G121C,-0.22,7.00,15.00
1RX4A,5DFR,A,G121D,-0.34,7.00,15.00
1RX4A,5DFR,A,G121H,-0.56,7.00,15.00
1RX4A,5DFR,A,G121L,-0.58,7.00,15.00
1RX4A,5DFR,A,G121S,-0.08,7.00,15.00
1RX4A,5DFR,A,G121V,-0.99,7.00,15.00
1RX4A,5DFR,A,G121Y,-0.51,7.00,15.00
1RX4A,5DFR,A,G15A,0.44,7.80,15.00
1RX4A,5DFR,A,G43A,-0.48,7.80,15.00
1RX4A,5DFR,A,G67A,-0.05,7.00,15.00
1RX4A,5DFR,A,G67C,-0.51,7.00,15.00
1RX4A,5DFR,A,G67D,-0.58,7.00,15.00
1RX4A,5DFR,A,G67L,-0.51,7.00,15.00
1RX4A,5DFR,A,G67S,-0.27,7.00,15.00
1RX4A,5DFR,A,G67T,-0.62,7.00,15.00
1RX4A,5DFR,A,G67V,-0.70,7.00,15.00
1RX4A,5DFR,A,G95A,-0.90,7.80,15.00
1RX4A,5DFR,A,I155A,-2.99,7.80,15.00
1RX4A,5DFR,A,I155D,-3.19,7.80,15.00
1RX4A,5DFR,A,I155E,-2.62,7.80,15.00
1RX4A,5DFR,A,I155K,-2.69,7.80,15.00
1RX4A,5DFR,A,I155L,-1.63,7.80,15.00
1RX4A,5DFR,A,I155Q,-3.01,7.80,15.00
1RX4A,5DFR,A,I155R,-2.65,7.80,15.00
1RX4A,5DFR,A,I155S,-3.09,7.80,15.00
1RX4A,5DFR,A,I155T,-2.53,7.80,15.00
1RX4A,5DFR,A,I155V,-0.03,7.80,15.00
1RX4A,5DFR,A,I155W,-3.21,7.80,15.00
1RX4A,5DFR,A,I155Y,-2.85,7.80,15.00
1RX4A,5DFR,A,I2V,-0.55,7.80,15.00
1RX4A,5DFR,A,I61L,-0.36,7.80,15.00
1RX4A,5DFR,A,I61V,-0.83,7.80,15.00
1RX4A,5DFR,A,I91L,-1.50,7.80,15.00
1RX4A,5DFR,A,I91V,-1.34,7.80,15.00
1RX4A,5DFR,A,I94L,-0.63,7.80,15.00
1RX4A,5DFR,A,I94V,-0.67,7.80,15.00
1RX4A,5DFR,A,L112I,-0.25,7.80,15.00
1RX4A,5DFR,A,L112V,-1.39,7.80,15.00
1RX4A,5DFR,A,L24V,-1.29,7.80,15.00
1RX4A,5DFR,A,L28R,1.08,7.80,15.00
1RX4A,5DFR,A,L54V,-0.32,7.80,15.00
1RX4A,5DFR,A,N59C,0.24,7.80,15.00
1RX4A,5DFR,A,N59E,-1.36,7.80,15.00
1RX4A,5DFR,A,N59G,-2.01,7.80,15.00
1RX4A,5DFR,A,N59H,-0.81,7.80,15.00
1RX4A,5DFR,A,N59I,0.13,7.80,15.00
1RX4A,5DFR,A,N59K,-1.55,7.80,15.00
1RX4A,5DFR,A,N59L,0.01,7.80,15.00
1RX4A,5DFR,A,N59M,-0.14,7.80,15.00
1RX4A,5DFR,A,N59Q,-0.35,7.80,15.00
1RX4A,5DFR,A,N59S,-1.26,7.80,15.00
1RX4A,5DFR,A,N59T,-0.05,7.80,15.00
1RX4A,5DFR,A,N59V,0.36,7.80,15.00
1RX4A,5DFR,A,N59W,-0.79,7.80,15.00
1RX4A,5DFR,A,R44A,-0.94,7.80,15.00
1RX4A,5DFR,A,R44L,0.78,7.80,15.00
1RX4A,5DFR,A,S148A,-0.42,7.80,15.00
1RX4A,5DFR,A,S148E,-0.61,7.80,15.00
1RX4A,5DFR,A,S148K,-0.38,7.80,15.00
1RX4A,5DFR,A,S148N,-0.88,7.80,15.00
1RX4A,5DFR,A,S148R,-0.66,7.80,15.00
1RX4A,5DFR,A,S148T,-0.41,7.80,15.00
1RX4A,5DFR,A,S148V,-0.35,7.80,15.00
1RX4A,5DFR,A,T113V,-0.91,7.80,15.00
1RX4A,5DFR,A,T35A,-1.10,7.80,15.00
1RX4A,5DFR,A,V40A,-1.59,7.80,15.00
1RX4A,5DFR,A,V40F,-1.99,7.80,15.00
1RX4A,5DFR,A,V40H,-2.76,7.80,15.00
1RX4A,5DFR,A,V40I,-0.50,7.80,15.00
1RX4A,5DFR,A,V40L,-0.78,7.80,15.00
1RX4A,5DFR,A,V40M,-1.27,7.80,15.00
1RX4A,5DFR,A,V40N,-1.82,7.80,15.00
1RX4A,5DFR,A,V40R,-1.38,7.80,15.00
1RX4A,5DFR,A,V40S,-2.04,7.80,15.00
1RX4A,5DFR,A,V75A,-0.05,7.80,15.00
1RX4A,5DFR,A,V75C,-0.05,7.80,15.00
1RX4A,5DFR,A,V75H,-1.72,7.10,15.00
1RX4A,5DFR,A,V75I,-1.65,7.80,15.00
1RX4A,5DFR,A,V75R,-2.00,7.80,15.00
1RX4A,5DFR,A,V75S,-0.80,7.80,15.00
1RX4A,5DFR,A,V75Y,-1.80,7.80,15.00
1RX4A,5DFR,A,W22L,-0.31,7.80,15.00
1RX4A,5DFR,A,W30A,-2.03,7.80,15.00
1RX4A,5DFR,A,W30E,-2.42,7.80,15.00
1RX4A,5DFR,A,W30H,-2.44,7.80,15.00
1RX4A,5DFR,A,W30M,-1.94,7.80,15.00
1RX4A,5DFR,A,W30N,-2.07,7.80,15.00
1RX4A,5DFR,A,W30R,-2.09,7.80,15.00
1RX4A,5DFR,A,W30S,-2.29,7.80,15.00
1RX4A,5DFR,A,W30Y,-1.79,7.80,15.00
1RX4A,5DFR,A,W74F,-1.20,7.80,15.00
1RX4A,5DFR,A,V88A,0.29,7.20,20.00
1RX4A,5DFR,A,V88I,-0.49,7.20,20.00
1SAKA,1SAK,A,A347G,-0.97,7.00,25.00
1SAKA,1SAK,A,D352A,-0.62,7.00,25.00
1SAKA,1SAK,A,E326A,-0.40,7.00,25.00
1SAKA,1SAK,A,E336A,0.40,7.00,25.00
1SAKA,1SAK,A,E339A,-0.66,7.00,25.00
1SAKA,1SAK,A,E343A,-0.25,7.00,25.00
1SAKA,1SAK,A,E346A,-0.27,7.00,25.00
1SAKA,1SAK,A,E349A,-1.18,7.00,25.00
1SAKA,1SAK,A,F328A,-2.36,7.00,25.00
1SAKA,1SAK,A,F328L,-1.43,7.00,25.00
1SAKA,1SAK,A,F338A,-2.03,7.00,25.00
1SAKA,1SAK,A,F341I,-2.01,7.00,25.00
1SAKA,1SAK,A,F341L,-0.91,7.00,25.00
1SAKA,1SAK,A,I332V,-0.99,7.00,25.00
1SAKA,1SAK,A,K351A,0.57,7.00,25.00
1SAKA,1SAK,A,L330F,-1.80,7.00,25.00
1SAKA,1SAK,A,L344F,-1.62,7.00,25.00
1SAKA,1SAK,A,L344I,-0.41,7.00,25.00
1SAKA,1SAK,A,L350A,-0.50,7.00,25.00
1SAKA,1SAK,A,M340A,-1.90,7.00,25.00
1SAKA,1SAK,A,M340I,-0.38,7.00,25.00
1SAKA,1SAK,A,N345A,-0.98,7.00,25.00
1SAKA,1SAK,A,Q331A,-0.46,7.00,25.00
1SAKA,1SAK,A,R333A,-1.05,7.00,25.00
1SAKA,1SAK,A,R335A,-0.75,7.00,25.00
1SAKA,1SAK,A,R337A,-2.41,7.00,25.00
1SAKA,1SAK,A,R342A,-0.38,7.00,25.00
1SAKA,1SAK,A,T329A,-1.02,7.00,25.00
1SCEA,1DKT,A,E18A,-0.81,7.50,10.00
1SCEA,1DKT,A,F17L,-2.58,7.50,10.00
1SCEA,1DKT,A,H65A,-0.51,7.50,10.00
1SCEA,1DKT,A,I6V,-0.57,7.50,10.00
1SCEA,1DKT,A,K11A,0.62,7.50,10.00
1SCEA,1DKT,A,L46A,-2.04,7.50,10.00
1SCEA,1DKT,A,L67A,-1.98,7.50,10.00
1SCEA,1DKT,A,M58L,-0.23,7.50,10.00
1SCEA,1DKT,A,R70A,-2.80,7.50,10.00
1SCEA,1DKT,A,R71A,-0.59,7.50,10.00
1SCEA,1DKT,A,S39A,-0.60,7.50,10.00
1SCEA,1DKT,A,S9A,-0.43,7.50,10.00
1SCEA,1DKT,A,V22A,-1.36,7.50,10.00
1SCEA,1DKT,A,V32A,-1.07,7.50,10.00
1SCEA,1DKT,A,V55A,-0.73,7.50,10.00
1SCEA,1DKT,A,V55G,-2.04,7.50,10.00
1SCEA,1DKT,A,Y8A,-0.68,7.50,10.00
1SHFA,1SHF,A,E107A,-1.27,8.00,25.00
1SHFA,1SHF,A,E107D,0.68,8.00,25.00
1SHFA,1SHF,A,E107F,-1.63,8.00,25.00
1SHFA,1SHF,A,E107G,-2.29,8.00,25.00
1SHFA,1SHF,A,E107H,-0.99,8.00,25.00
1SHFA,1SHF,A,E107I,-2.71,8.00,25.00
1SHFA,1SHF,A,E107K,-0.97,8.00,25.00
1SHFA,1SHF,A,E107L,-3.02,8.00,25.00
1SHFA,1SHF,A,E107Q,-0.74,8.00,25.00
1SHFA,1SHF,A,E107R,-3.38,8.00,25.00
1SHFA,1SHF,A,E107S,-1.64,8.00,25.00
1SHFA,1SHF,A,E107T,-0.60,8.00,25.00
1SHFA,1SHF,A,E107V,-2.00,8.00,25.00
1SHFA,1SHF,A,E107Y,-2.40,8.00,25.00
1SHFA,1SHF,A,G128A,-1.78,8.00,25.00
1SHFA,1SHF,A,I111A,-2.84,7.00,25.00
1SHFA,1SHF,A,I111L,-0.71,7.00,25.00
1SHFA,1SHF,A,I111V,-0.63,7.00,25.00
1SHFA,1SHF,A,S124A,-0.71,8.00,25.00
1SHFA,1SHF,A,S124D,-2.02,8.00,25.00
1SHFA,1SHF,A,S124F,-1.90,8.00,25.00
1SHFA,1SHF,A,S124G,-1.68,8.00,25.00
1SHFA,1SHF,A,S124H,-1.25,8.00,25.00
1SHFA,1SHF,A,S124I,-1.41,8.00,25.00
1SHFA,1SHF,A,S124K,0.11,8.00,25.00
1SHFA,1SHF,A,S124L,-0.37,8.00,25.00
1SHFA,1SHF,A,S124N,-0.73,8.00,25.00
1SHFA,1SHF,A,S124R,-0.18,8.00,25.00
1SHFA,1SHF,A,S124T,-1.65,8.00,25.00
1SHFA,1SHF,A,S124V,-1.10,8.00,25.00
1SHFA,1SHF,A,S124Y,-2.27,8.00,25.00
1SHFA,1SHF,A,T127A,-2.59,8.00,25.00
1SHFA,1SHF,A,V138A,-2.34,7.00,25.00
1SHFA,1SHF,A,V138G,-3.65,7.00,25.00
1SHFA,1SHF,A,V138M,-0.52,7.00,25.00
1SHFA,1SHF,A,V138T,-2.40,7.00,25.00
1SHGA,1SHG,A,D48G,0.82,2.90,24.90
1SHGA,1SHG,A,F52Y,0.44,7.00,24.90
1SHGA,1SHG,A,K59F,-0.92,7.00,24.90
1SHGA,1SHG,A,K59Y,-0.84,7.00,24.90
1SUPA,1SUP,A,G169A,0.30,8.00,58.80
1SUPA,1SUP,A,M50F,0.48,8.00,58.80
1SUPA,1SUP,A,N218S,1.07,8.00,58.80
1SUPA,1SUP,A,N76D,0.45,8.00,58.80
1SUPA,1SUP,A,Q206C,1.25,8.00,58.80
1SUPA,1SUP,A,Y217K,0.72,8.00,58.80
1TENA,1TEN,A,A819G,-2.67,5.00,25.00
1TENA,1TEN,A,A885G,-0.92,5.00,25.00
1TENA,1TEN,A,E887A,1.55,5.00,25.00
1TENA,1TEN,A,E887G,-0.14,5.00,25.00
1TENA,1TEN,A,I809A,-2.74,5.00,25.00
1TENA,1TEN,A,I809V,0.02,5.00,25.00
1TENA,1TEN,A,I821A,-3.58,5.00,25.00
1TENA,1TEN,A,I821V,-0.28,5.00,25.00
1TENA,1TEN,A,I830A,-1.63,5.00,25.00
1TENA,1TEN,A,I830V,-0.37,5.00,25.00
1TENA,1TEN,A,I833A,-3.30,5.00,25.00
1TENA,1TEN,A,I833V,-0.80,5.00,25.00
1TENA,1TEN,A,I849A,-2.40,5.00,25.00
1TENA,1TEN,A,I860A,-1.91,5.00,25.00
1TENA,1TEN,A,I860V,-0.88,5.00,25.00
1TENA,1TEN,A,L835A,-4.13,5.00,25.00
1TENA,1TEN,A,L851A,-2.88,5.00,25.00
1TENA,1TEN,A,L863A,-3.96,5.00,25.00
1TENA,1TEN,A,L873A,-2.81,5.00,25.00
1TENA,1TEN,A,S875A,-0.27,5.00,25.00
1TENA,1TEN,A,S882A,-2.58,5.00,25.00
1TENA,1TEN,A,T867S,-1.26,5.00,25.00
1TENA,1TEN,A,V811A,-1.40,5.00,25.00
1TENA,1TEN,A,V871A,-2.69,5.00,25.00
1TENA,1TEN,A,Y837A,-3.96,5.00,25.00
1TENA,1TEN,A,Y858A,-1.21,5.00,25.00
1TENA,1TEN,A,Y858G,-4.06,5.00,25.00
1TENA,1TEN,A,Y869F,-3.09,5.00,25.00
1TITA,1TIT,A,C63S,-2.08,7.30,25.00
1TITA,1TIT,A,F73L,-3.83,7.40,25.00
1TITA,1TIT,A,I23A,-2.70,7.40,25.00
1TITA,1TIT,A,L41A,-2.70,7.40,25.00
1TITA,1TIT,A,L58A,-3.23,7.40,25.00
1TITA,1TIT,A,L60A,-4.88,7.40,25.00
1TITA,1TIT,A,V13A,-2.15,7.40,25.00
1TITA,1TIT,A,V86A,-4.45,7.40,25.00
1TPKA,1TPK,A,V65A,-2.00,4.50,64.30
1TPKA,1TPK,A,V65I,0.30,4.50,64.30
1TPKA,1TPK,A,V65L,-1.90,4.50,64.30
1TPKA,1TPK,A,V65M,-2.20,4.50,64.30
1TPKA,1TPK,A,V65S,-2.40,4.50,64.30
1TPKA,1TPK,A,V65T,-1.00,4.50,64.30
1UWOA,1IGV,A,D19N,0.83,7.00,25.00
1UWOA,1IGV,A,E17Q,0.33,7.10,25.00
1UWOA,1IGV,A,E26Q,-0.03,7.00,25.00
1UWOA,1IGV,A,F10A,-4.12,7.00,25.00
1UWOA,1IGV,A,F66A,-4.20,7.00,25.00
1UWOA,1IGV,A,F66W,-0.93,7.00,25.00
1UWOA,1IGV,A,I73V,-1.34,7.00,25.00
1UWOA,1IGV,A,L23A,-3.24,7.00,25.00
1UWOA,1IGV,A,L23G,-3.95,7.00,25.00
1UWOA,1IGV,A,L28A,-2.20,7.00,25.00
1UWOA,1IGV,A,L6V,-1.72,7.00,25.00
1UWOA,1IGV,A,V61A,-2.93,7.00,25.00
1UWOA,1IGV,A,V61G,-3.60,7.00,25.00
1UWOA,1IGV,A,V70L,-0.13,7.00,25.00
1UWOA,1IGV,A,Y13F,-1.08,7.10,25.00
1UWOA,2H61,A,F14A,-2.85,7.20,25.00
1UWOA,2H61,A,I11A,-1.65,7.20,25.00
1UWOA,2H61,A,L3A,-0.64,7.20,25.00
1UWOA,2H61,A,L3S,-1.25,7.20,25.00
1UWOA,2H61,A,M7A,-2.00,7.20,25.00
1UZCA,1UZC,A,A17G,-0.70,5.70,9.90
1UZCA,1UZC,A,A20G,-2.30,5.70,9.90
1UZCA,1UZC,A,A39G,-1.93,5.70,9.90
1UZCA,1UZC,A,A51G,-1.12,5.70,9.90
1UZCA,1UZC,A,A53G,-0.30,5.70,9.90
1UZCA,1UZC,A,A61G,-2.07,5.70,9.90
1UZCA,1UZC,A,A64G,-0.94,5.70,9.90
1UZCA,1UZC,A,D46N,-2.51,5.70,9.90
1UZCA,1UZC,A,E15A,-0.40,5.70,9.90
1UZCA,1UZC,A,E15G,-1.02,5.70,9.90
1UZCA,1UZC,A,E27A,-0.62,5.70,9.90
1UZCA,1UZC,A,E27G,-1.57,5.70,9.90
1UZCA,1UZC,A,I43V,-1.21,5.70,9.90
1UZCA,1UZC,A,I44A,-0.09,5.70,9.90
1UZCA,1UZC,A,I44G,-0.40,5.70,9.90
1UZCA,1UZC,A,I44V,-0.30,5.70,9.90
1UZCA,1UZC,A,K26A,0.11,5.70,9.90
1UZCA,1UZC,A,K26G,-0.74,5.70,9.90
1UZCA,1UZC,A,K58A,-2.10,5.70,9.90
1UZCA,1UZC,A,L24A,-1.04,5.70,9.90
1UZCA,1UZC,A,L52A,-2.71,5.70,9.90
1UZCA,1UZC,A,M42A,-1.37,5.70,9.90
1UZCA,1UZC,A,N33G,-0.42,5.70,9.90
1UZCA,1UZC,A,Q19A,-0.08,5.70,9.90
1UZCA,1UZC,A,Q19G,-1.23,5.70,9.90
1UZCA,1UZC,A,Q38A,-0.37,5.70,9.90
1UZCA,1UZC,A,Q38G,-1.57,5.70,9.90
1UZCA,1UZC,A,Q60A,0.31,5.70,9.90
1UZCA,1UZC,A,Q60G,-0.80,5.70,9.90
1UZCA,1UZC,A,S32A,0.00,5.70,9.90
1UZCA,1UZC,A,S35A,-1.04,5.70,9.90
1UZCA,1UZC,A,S50A,-0.02,5.70,9.90
1UZCA,1UZC,A,S50G,-0.02,5.70,9.90
1UZCA,1UZC,A,S56A,-0.40,5.70,9.90
1UZCA,1UZC,A,S56G,-0.54,5.70,9.90
1UZCA,1UZC,A,T13A,-0.99,5.70,9.90
1UZCA,1UZC,A,T13S,0.10,5.70,9.90
1UZCA,1UZC,A,V30A,-3.28,5.70,9.90
1UZCA,1UZC,A,V67A,0.51,5.70,9.90
1UZCA,1UZC,A,V67G,0.00,5.70,9.90
1UZCA,1UZC,A,W11F,-0.31,5.70,9.90
1UZCA,1UZC,A,W36F,0.30,5.70,9.90
1UZCA,1UZC,A,Y49A,-2.46,5.70,9.90
1UZCA,1UZC,A,Y49F,-0.31,5.70,9.90
1UZCA,1UZC,A,Y65F,-0.72,5.70,9.90
1VQBA,1VQB,A,A86T,-0.35,7.00,25.00
1VQBA,1VQB,A,A86V,0.25,7.00,25.00
1VQBA,1VQB,A,C33A,-0.25,7.00,25.00
1VQBA,1VQB,A,C33I,-0.45,7.00,25.00
1VQBA,1VQB,A,C33L,-1.30,7.00,25.00
1VQBA,1VQB,A,C33M,-1.75,7.00,25.00
1VQBA,1VQB,A,C33S,-2.12,7.00,25.00
1VQBA,1VQB,A,C33T,-2.30,7.00,25.00
1VQBA,1VQB,A,C33V,-0.10,7.00,25.00
1VQBA,1VQB,A,D36C,-1.02,7.00,25.00
1VQBA,1VQB,A,D36N,-0.50,7.00,25.00
1VQBA,1VQB,A,D50H,-0.77,7.00,25.00
1VQBA,1VQB,A,E30F,1.02,7.00,25.00
1VQBA,1VQB,A,E30M,0.32,7.00,25.00
1VQBA,1VQB,A,E30N,-0.55,7.00,25.00
1VQBA,1VQB,A,E40C,-0.80,7.00,25.00
1VQBA,1VQB,A,E40T,-0.20,7.00,25.00
1VQBA,1VQB,A,F13T,-0.35,7.00,25.00
1VQBA,1VQB,A,F68L,-2.12,7.00,25.00
1VQBA,1VQB,A,F68V,-2.50,7.00,25.00
1VQBA,1VQB,A,F73W,0.40,7.00,25.00
1VQBA,1VQB,A,H64C,0.25,7.00,25.00
1VQBA,1VQB,A,I47A,-3.32,7.00,25.00
1VQBA,1VQB,A,I47C,-2.33,7.00,25.00
1VQBA,1VQB,A,I47F,-0.85,7.00,25.00
1VQBA,1VQB,A,I47L,-0.28,7.00,25.00
1VQBA,1VQB,A,I47M,-1.00,7.00,25.00
1VQBA,1VQB,A,I47T,-3.70,7.00,25.00
1VQBA,1VQB,A,I47V,-1.18,7.00,25.00
1VQBA,1VQB,A,I6V,-0.35,7.00,25.00
1VQBA,1VQB,A,I78C,-2.20,7.00,25.00
1VQBA,1VQB,A,I78T,-3.30,7.00,25.00
1VQBA,1VQB,A,I78V,-0.65,7.00,25.00
1VQBA,1VQB,A,K24V,0.40,7.00,25.00
1VQBA,1VQB,A,K69H,-0.62,7.00,25.00
1VQBA,1VQB,A,K69M,0.08,7.00,25.00
1VQBA,1VQB,A,L28V,0.55,7.00,25.00
1VQBA,1VQB,A,L32H,-0.45,7.00,25.00
1VQBA,1VQB,A,L32R,-0.80,7.00,25.00
1VQBA,1VQB,A,L32W,1.40,7.00,25.00
1VQBA,1VQB,A,L32Y,0.50,7.00,25.00
1VQBA,1VQB,A,L37A,-3.85,7.00,25.00
1VQBA,1VQB,A,L37C,-2.30,7.00,25.00
1VQBA,1VQB,A,L37I,-0.70,7.00,25.00
1VQBA,1VQB,A,L37T,-2.60,7.00,25.00
1VQBA,1VQB,A,L37V,-1.75,7.00,25.00
1VQBA,1VQB,A,L49A,-3.05,7.00,25.00
1VQBA,1VQB,A,L49C,-2.05,7.00,25.00
1VQBA,1VQB,A,L49I,-0.95,7.00,25.00
1VQBA,1VQB,A,L49T,-2.85,7.00,25.00
1VQBA,1VQB,A,L49V,-1.45,7.00,25.00
1VQBA,1VQB,A,L81C,-1.85,7.00,25.00
1VQBA,1VQB,A,L81T,-2.55,7.00,25.00
1VQBA,1VQB,A,L81V,-0.10,7.00,25.00
1VQBA,1VQB,A,M77A,-1.05,7.00,25.00
1VQBA,1VQB,A,M77C,0.00,7.00,25.00
1VQBA,1VQB,A,M77F,-0.10,7.00,25.00
1VQBA,1VQB,A,M77I,0.80,7.00,25.00
1VQBA,1VQB,A,M77L,-0.60,7.00,25.00
1VQBA,1VQB,A,M77T,-0.40,7.00,25.00
1VQBA,1VQB,A,M77V,0.60,7.00,25.00
1VQBA,1VQB,A,R82C,-0.75,7.00,25.00
1VQBA,1VQB,A,S67C,-1.85,7.00,25.00
1VQBA,1VQB,A,S67T,-0.80,7.00,25.00
1VQBA,1VQB,A,T48C,-0.40,7.00,25.00
1VQBA,1VQB,A,T48V,0.00,7.00,25.00
1VQBA,1VQB,A,T62C,-0.35,7.00,25.00
1VQBA,1VQB,A,T62V,0.65,7.00,25.00
1VQBA,1VQB,A,V19C,-0.15,7.00,25.00
1VQBA,1VQB,A,V19T,-0.30,7.00,25.00
1VQBA,1VQB,A,V35A,-1.02,7.00,25.00
1VQBA,1VQB,A,V35C,-0.55,7.00,25.00
1VQBA,1VQB,A,V35F,-1.50,7.00,25.00
1VQBA,1VQB,A,V35I,-0.32,7.00,25.00
1VQBA,1VQB,A,V35L,-1.07,7.00,25.00
1VQBA,1VQB,A,V35M,-0.53,7.00,25.00
1VQBA,1VQB,A,V35T,-2.65,7.00,25.00
1VQBA,1VQB,A,V43C,-1.05,7.00,25.00
1VQBA,1VQB,A,V43T,-0.80,7.00,25.00
1VQBA,1VQB,A,V45A,-1.05,7.00,25.00
1VQBA,1VQB,A,V45C,-0.05,7.00,25.00
1VQBA,1VQB,A,V45L,-1.50,7.00,25.00
1VQBA,1VQB,A,V45T,-1.75,7.00,25.00
1VQBA,1VQB,A,V63C,-2.05,7.00,25.00
1VQBA,1VQB,A,V63T,-2.50,7.00,25.00
1VQBA,1VQB,A,V70C,-1.60,7.00,25.00
1VQBA,1VQB,A,V70T,-1.75,7.00,25.00
1VQBA,1VQB,A,Y26R,-0.20,7.00,25.00
1VQBA,1VQB,A,Y41A,-0.20,7.00,25.00
1VQBA,1VQB,A,Y41F,-0.30,7.00,25.00
1WITA,1WIT,A,Y73F,-2.15,7.00,20.00
1WQ5A,1TTQ,A,A18G,-2.70,7.80,25.00
1WQ5A,1TTQ,A,A18V,-2.30,7.80,25.00
1WQ5A,1TTQ,A,F22I,-4.58,7.80,25.00
1WQ5A,1TTQ,A,F22L,-1.05,7.80,25.00
1WQ5A,1TTQ,A,F22V,-3.44,7.80,25.00
1WQ5A,1TTQ,A,I232V,-3.30,7.80,25.00
1WQ5A,1TTQ,A,L209V,-3.20,7.80,25.00
1WQ5A,1TTQ,A,Y175Q,-1.65,7.80,25.00
1WQ5A,1WQ5,A,F139W,-0.64,7.80,23.00
1WQ5A,1WQ5,A,F258W,-1.17,7.80,23.00
1WQ5A,1WQ5,A,E49A,0.41,7.80,25.00
1WQ5A,1WQ5,A,E49C,1.33,7.80,25.00
1WQ5A,1WQ5,A,E49D,0.07,7.80,25.00
1WQ5A,1WQ5,A,E49F,1.15,7.80,25.00
1WQ5A,1WQ5,A,E49G,-0.03,7.80,25.00
1WQ5A,1WQ5,A,E49H,1.51,7.80,25.00
1WQ5A,1WQ5,A,E49I,3.79,7.80,25.00
1WQ5A,1WQ5,A,E49K,0.42,7.80,25.00
1WQ5A,1WQ5,A,E49L,3.67,7.80,25.00
1WQ5A,1WQ5,A,E49N,-0.05,7.80,25.00
1WQ5A,1WQ5,A,E49S,-0.01,7.40,25.00
1WQ5A,1WQ5,A,E49T,0.16,7.80,25.00
1WQ5A,1WQ5,A,E49V,2.43,7.40,25.00
1WQ5A,1WQ5,A,E49W,-0.02,7.80,25.00
1WQ5A,1WQ5,A,E49Y,0.41,7.40,25.00
1WQ5A,1WQ5,A,F22L,1.40,7.80,25.00
1WQ5A,1WQ5,A,G211D,-0.80,7.80,25.00
1WQ5A,1WQ5,A,G211S,-0.15,7.80,25.00
1WQ5A,1WQ5,A,G211V,1.05,7.80,25.00
1WQ5A,1WQ5,A,G211W,-1.95,7.80,25.00
1WQ5A,1WQ5,A,G234D,3.40,7.80,25.00
1WQ5A,1WQ5,A,G234K,0.20,7.80,25.00
1WQ5A,1WQ5,A,I37A,-4.42,7.80,25.00
1WQ5A,1WQ5,A,L127A,-1.28,7.80,25.00
1WQ5A,1WQ5,A,L176A,-4.01,7.80,25.00
1WQ5A,1WQ5,A,L50A,-2.99,7.80,25.00
1WQ5A,1WQ5,A,L99A,-4.07,7.80,25.00
1WQ5A,1WQ5,A,Y175C,-0.60,7.80,25.00
1WQ5A,1WQ5,A,E49M,3.13,7.40,25.10
1WQ5A,1WQ5,A,E49Q,-0.58,7.30,25.10
1WQ5A,1WQ5,A,G211E,1.10,7.80,33.20
1WQ5A,1WQ5,A,C118A,-1.36,9.00,50.00
1WQ5A,1WQ5,A,C118S,-2.27,9.00,50.00
1WQ5A,1WQ5,A,C118V,-1.34,9.00,50.00
1WQ5A,1WQ5,A,C154A,-1.03,9.00,50.00
1WQ5A,1WQ5,A,C154S,-1.72,9.00,50.00
1WQ5A,1WQ5,A,C154V,-1.12,9.00,50.00
1WQ5A,1WQ5,A,C81A,-0.69,9.00,50.00
1WQ5A,1WQ5,A,C81G,-1.58,9.00,50.00
1WQ5A,1WQ5,A,C81S,-1.41,9.00,50.00
1WQ5A,1WQ5,A,C81V,-1.32,9.00,50.00
1WQ5A,1WQ5,A,G211R,-0.12,7.80,50.40
1YU5X,1YU5,X,H41Y,1.11,5.60,25.00
1YYJA,1YYJ,A,A20G,-1.97,5.00,25.00
1YYJA,1YYJ,A,A23G,-2.38,5.00,25.00
1YYJA,1YYJ,A,A36G,-2.61,5.00,25.00
1YYJA,1YYJ,A,A37G,-4.15,5.00,25.00
1YYJA,1YYJ,A,A40G,-1.41,5.00,25.00
1YYJA,1YYJ,A,A87G,-3.20,5.00,25.00
1YYJA,1YYJ,A,A90G,-2.34,5.00,25.00
1YYJA,1YYJ,A,A91G,-1.60,5.00,25.00
1YYJA,1YYJ,A,D73A,-1.57,5.00,25.00
1YYJA,1YYJ,A,E18A,1.30,5.00,25.00
1YYJA,1YYJ,A,F61A,-4.52,5.00,25.00
1YYJA,1YYJ,A,F65A,-1.92,5.00,25.00
1YYJA,1YYJ,A,I17A,-1.30,5.00,25.00
1YYJA,1YYJ,A,I72A,-4.79,5.00,25.00
1YYJA,1YYJ,A,I98A,-3.48,5.00,25.00
1YYJA,1YYJ,A,K15A,-0.20,5.00,25.00
1YYJA,1YYJ,A,K27A,-0.17,5.00,25.00
1YYJA,1YYJ,A,K27G,-1.00,5.00,25.00
1YYJA,1YYJ,A,K51G,-1.32,5.00,25.00
1YYJA,1YYJ,A,L10A,-1.86,5.00,25.00
1YYJA,1YYJ,A,L14A,-1.92,5.00,25.00
1YYJA,1YYJ,A,L30A,-2.83,5.00,25.00
1YYJA,1YYJ,A,L38G,-1.44,5.00,25.00
1YYJA,1YYJ,A,L3A,-1.60,5.00,25.00
1YYJA,1YYJ,A,L48A,-3.73,5.00,25.00
1YYJA,1YYJ,A,L68A,-3.88,5.00,25.00
1YYJA,1YYJ,A,L76A,-3.48,5.00,25.00
1YYJA,1YYJ,A,L94A,-1.50,5.00,25.00
1YYJA,1YYJ,A,M33A,-2.97,5.00,25.00
1YYJA,1YYJ,A,M58A,-2.91,5.00,25.00
1YYJA,1YYJ,A,R34A,-2.25,5.00,25.00
1YYJA,1YYJ,A,R34G,-3.26,5.00,25.00
1YYJA,1YYJ,A,V69G,-3.61,5.00,25.00
1YYJA,1YYJ,A,V84A,-3.42,5.00,25.00
1YYJA,1YYJ,A,W7M,-0.85,5.00,25.00
1YYJA,1YYJ,A,Y101A,0.52,5.00,25.00
1YYJA,1YYJ,A,Y105A,-2.36,5.00,25.00
1ZG4A,1BLC,A,D179N,-0.44,6.50,20.00
1ZG4A,1ZG4,A,C77S,-3.36,7.00,25.00
1ZG4A,1ZG4,A,W290F,-0.83,7.00,25.00
1ZNJB,1ZNJ,B,K29G,-0.05,7.50,23.00
1ZNJB,1ZNJ,B,H10D,0.76,7.20,24.00
1ZNJB,1ZNJ,B,F25D,0.48,8.00,25.00
1ZNJB,1ZNJ,B,F25H,0.75,8.00,25.00
1ZNJB,1ZNJ,B,H10E,1.11,8.00,25.00
1ZNJB,1ZNJ,B,H10T,0.03,8.00,25.00
1ZNJB,1ZNJ,B,S9D,0.06,8.00,25.00
1ZNJB,1ZNJ,B,Y26T,-0.22,8.00,25.00
2A01A,2A01,A,L141R,-0.65,7.40,25.00
2A36A,2A36,A,T22G,3.59,6.00,20.10
2A36A,2A36,A,T22A,0.40,6.00,25.00
2A36A,2A36,A,T22D,1.50,6.00,25.00
2A36A,2A36,A,T22F,1.30,6.00,25.00
2A36A,2A36,A,T22K,0.00,6.00,25.00
2A36A,2A36,A,T22L,0.50,6.00,25.00
2A36A,2A36,A,T22N,1.30,6.00,25.00
2A36A,2A36,A,T22S,0.60,6.00,25.00
2ABDA,2ABD,A,A34G,-1.33,5.30,5.00
2ABDA,2ABD,A,A69G,-2.28,5.30,5.00
2ABDA,2ABD,A,A9G,-1.88,5.30,5.00
2ABDA,2ABD,A,D21A,0.03,5.30,5.00
2ABDA,2ABD,A,D21H,-0.56,5.30,5.00
2ABDA,2ABD,A,E67A,-0.60,5.30,5.00
2ABDA,2ABD,A,F26A,-1.79,5.30,5.00
2ABDA,2ABD,A,F5A,-2.61,5.30,5.00
2ABDA,2ABD,A,I39A,-1.05,5.30,5.00
2ABDA,2ABD,A,I74A,-1.70,5.30,5.00
2ABDA,2ABD,A,K32A,-1.34,5.30,5.00
2ABDA,2ABD,A,K32E,-1.48,5.30,5.00
2ABDA,2ABD,A,K32R,-1.83,5.30,5.00
2ABDA,2ABD,A,K52M,0.24,5.30,5.00
2ABDA,2ABD,A,K54A,-0.97,5.30,5.00
2ABDA,2ABD,A,K54M,0.10,5.30,5.00
2ABDA,2ABD,A,L15A,-3.28,5.30,5.00
2ABDA,2ABD,A,L25A,-1.60,5.30,5.00
2ABDA,2ABD,A,L80A,-4.15,5.30,5.00
2ABDA,2ABD,A,Q33A,-3.64,5.30,5.00
2ABDA,2ABD,A,T35A,-1.47,5.30,5.00
2ABDA,2ABD,A,V12A,-1.54,5.30,5.00
2ABDA,2ABD,A,V77A,-1.57,5.30,5.00
2ABDA,2ABD,A,Y28A,-2.74,5.30,5.00
2ABDA,2ABD,A,Y28F,-1.23,5.30,5.00
2ABDA,2ABD,A,Y28N,-2.48,5.30,5.00
2ABDA,2ABD,A,Y31N,-1.86,5.30,5.00
2ABDA,2ABD,A,Y73A,-4.77,5.30,5.00
2ABDA,2ABD,A,Y73F,0.29,5.30,5.00
2AC0A,2OCJ,A,C242S,-3.30,7.20,10.00
2AC0A,2OCJ,A,R175H,-3.47,7.20,10.00
2AC0A,2OCJ,A,R248Q,-2.03,7.20,10.00
2AC0A,2OCJ,A,R249S,-1.81,7.20,10.00
2AC0A,2OCJ,A,R273H,-0.13,7.20,10.00
2CI2I,2CI2,I,A35G,-1.25,6.20,25.00
2CI2I,2CI2,I,A77G,-1.42,6.30,25.00
2CI2I,2CI2,I,D42A,-1.00,6.20,25.00
2CI2I,2CI2,I,D64A,-0.91,6.20,25.00
2CI2I,2CI2,I,D71A,-3.28,6.20,25.00
2CI2I,2CI2,I,E26A,-0.75,6.20,25.00
2CI2I,2CI2,I,E26Q,-0.60,6.20,25.00
2CI2I,2CI2,I,E33D,-0.65,6.20,25.00
2CI2I,2CI2,I,E33Q,-0.39,6.20,25.00
2CI2I,2CI2,I,E34D,-0.19,6.20,25.00
2CI2I,2CI2,I,E34N,-0.58,6.20,25.00
2CI2I,2CI2,I,E34Q,-0.58,6.20,25.00
2CI2I,2CI2,I,E60A,-0.89,6.30,25.00
2CI2I,2CI2,I,F69A,-3.53,6.20,25.00
2CI2I,2CI2,I,F69V,-1.90,6.20,25.00
2CI2I,2CI2,I,I48A,-3.68,5.30,25.00
2CI2I,2CI2,I,I49G,-3.23,6.30,25.00
2CI2I,2CI2,I,I49T,-1.21,6.30,25.00
2CI2I,2CI2,I,I56A,-0.65,6.20,25.00
2CI2I,2CI2,I,I76A,-4.21,4.80,25.00
2CI2I,2CI2,I,K21A,-0.79,6.20,25.00
2CI2I,2CI2,I,K21M,-0.70,6.20,25.00
2CI2I,2CI2,I,K30A,-0.39,6.20,25.00
2CI2I,2CI2,I,K36G,-2.16,6.20,25.00
2CI2I,2CI2,I,K43G,-3.34,6.20,25.00
2CI2I,2CI2,I,K72N,-0.61,6.20,25.00
2CI2I,2CI2,I,L40A,-1.27,6.20,25.00
2CI2I,2CI2,I,L40G,-1.73,6.20,25.00
2CI2I,2CI2,I,L51I,-0.63,6.20,25.00
2CI2I,2CI2,I,L68A,-3.70,5.30,25.00
2CI2I,2CI2,I,N75A,-1.02,6.20,25.00
2CI2I,2CI2,I,N75D,-1.36,6.20,25.00
2CI2I,2CI2,I,Q41A,-0.28,6.20,25.00
2CI2I,2CI2,I,Q41G,-0.76,6.20,25.00
2CI2I,2CI2,I,R62A,-0.80,6.20,25.00
2CI2I,2CI2,I,S31G,-0.49,5.70,25.00
2CI2I,2CI2,I,T22G,-1.07,6.30,25.00
2CI2I,2CI2,I,T22V,-0.76,6.30,25.00
2CI2I,2CI2,I,T55A,-0.59,6.20,25.00
2CI2I,2CI2,I,T55S,-0.50,6.20,25.00
2CI2I,2CI2,I,T55V,-1.16,6.20,25.00
2CI2I,2CI2,I,T58A,-0.69,6.30,25.00
2CI2I,2CI2,I,T58D,0.00,6.30,25.00
2CI2I,2CI2,I,V53G,-2.26,6.30,25.00
2CI2I,2CI2,I,V57A,-1.07,6.20,25.00
2CI2I,2CI2,I,V66A,-4.92,5.30,25.00
2CI2I,2CI2,I,V79A,-1.46,6.30,25.00
2CI2I,2CI2,I,V79G,-2.38,6.30,25.00
2CI2I,2CI2,I,V79T,-0.89,6.30,25.00
2CI2I,2CI2,I,V82A,-1.36,6.30,25.00
2CI2I,2CI2,I,V82G,-3.24,6.30,25.00
2CI2I,2CI2,I,V82T,-1.33,6.30,25.00
2CI2I,2CI2,I,I39L,-1.96,7.00,30.00
2CI2I,2CI2,I,R67A,-1.21,7.00,30.10
2CI2I,2CI2,I,I39V,-1.16,5.80,30.30
2CI2I,2CI2,I,S31A,-0.96,5.80,31.20
2CI2I,2CI2,I,V38A,-0.31,5.80,31.20
2CI2I,2CI2,I,E33N,-0.55,6.30,32.20
2CI2I,2CI2,I,I48V,-0.97,5.70,33.40
2CI2I,2CI2,I,I76V,0.10,5.70,33.70
2CI2I,2CI2,I,L27A,-2.44,5.70,33.70
2CI2I,2CI2,I,V70A,-1.74,5.70,33.70
2CI2I,2CI2,I,I49A,-1.05,6.30,35.70
2CI2I,2CI2,I,I49V,-0.10,6.30,35.70
2CI2I,2CI2,I,T22A,-0.93,6.30,35.70
2CI2I,2CI2,I,V53A,-0.88,6.30,35.70
2CI2I,2CI2,I,V53T,-1.31,6.30,35.70
2CI2I,2CI2,I,F69L,-2.05,6.30,35.80
2CI2I,2CI2,I,K36A,-0.70,6.30,35.80
2CI2I,2CI2,I,K37A,-0.18,6.30,35.80
2CI2I,2CI2,I,K37G,-1.18,6.30,35.80
2CI2I,2CI2,I,L51A,-2.16,6.30,35.80
2CI2I,2CI2,I,L51V,-0.67,6.30,35.80
2CI2I,2CI2,I,E45A,-0.64,5.80,37.20
2CI2I,2CI2,I,K43A,-0.82,5.90,39.80
2DRIA,2DRI,A,A27T,-3.30,7.70,25.00
2DRIA,2DRI,A,V50E,-3.50,7.70,25.00
2HPRA,1POH,A,K49A,1.39,7.00,25.00
2HPRA,1POH,A,K49D,1.41,7.00,25.00
2HPRA,1POH,A,K49G,1.05,7.00,25.00
2HPRA,1POH,A,K49M,0.94,7.00,25.00
2HPRA,1POH,A,K49N,0.35,7.00,25.00
2HPRA,1POH,A,K49Q,1.39,7.00,25.00
2HPRA,1POH,A,K49R,-0.15,7.00,25.00
2HPRA,1POH,A,K49S,0.95,7.00,25.00
2HPRA,1POH,A,S31A,-0.40,7.00,30.00
2HPRA,1POH,A,S46A,-1.01,7.00,30.00
2HPRA,1POH,A,S46D,1.44,7.00,30.00
2HPRA,1POH,A,S46N,0.39,7.00,30.00
2HPRA,1POH,A,K49E,1.85,7.00,36.20
2HPRA,2HPR,A,S46D,0.72,7.00,54.20
2LZMA,2LZM,A,A146I,-4.31,7.00,22.00
2LZMA,2LZM,A,A146V,-4.31,7.00,22.00
2LZMA,2LZM,A,A98T,-3.83,7.00,22.00
2LZMA,2LZM,A,F153C,-3.11,7.00,22.00
2LZMA,2LZM,A,G51D,-2.63,7.00,22.00
2LZMA,2LZM,A,I58Y,-3.11,7.00,22.00
2LZMA,2LZM,A,V103A,-1.91,7.00,22.00
2LZMA,2LZM,A,V149A,-2.87,7.00,22.00
2LZMA,2LZM,A,Y25G,-4.55,7.00,22.00
2LZMA,2LZM,A,T157D,-2.12,6.00,26.10
2LZMA,2LZM,A,T157F,-3.73,6.00,26.10
2LZMA,2LZM,A,W138Y,-2.62,6.00,26.40
2LZMA,2LZM,A,A98V,-4.98,5.70,27.80
2LZMA,2LZM,A,T152S,-2.60,3.00,40.00
2LZMA,2LZM,A,V149C,-2.20,3.00,40.00
2LZMA,2LZM,A,E128A,0.16,2.00,40.80
2LZMA,2LZM,A,L133A,-4.19,2.00,40.80
2LZMA,2LZM,A,G156D,-3.03,6.20,41.60
2LZMA,2LZM,A,Q105G,-2.30,5.90,41.70
2LZMA,2LZM,A,T157C,-1.30,2.00,42.00
2LZMA,2LZM,A,T157G,-1.10,2.00,42.00
2LZMA,2LZM,A,T157H,-2.10,2.00,42.00
2LZMA,2LZM,A,T157S,-0.66,2.00,42.00
2LZMA,2LZM,A,A160T,-3.12,6.50,43.50
2LZMA,2LZM,A,M6I,-3.10,6.50,43.50
2LZMA,2LZM,A,A146T,-2.25,6.10,44.50
2LZMA,2LZM,A,T157A,-0.90,2.50,46.30
2LZMA,2LZM,A,T157E,-1.22,2.50,46.30
2LZMA,2LZM,A,T157L,-1.63,2.50,46.30
2LZMA,2LZM,A,T157N,-0.99,2.50,46.30
2LZMA,2LZM,A,T157R,-0.54,2.50,46.30
2LZMA,2LZM,A,T157V,-1.49,2.50,46.30
2LZMA,2LZM,A,K135E,-0.83,4.80,46.90
2LZMA,2LZM,A,K147E,-0.53,4.80,46.90
2LZMA,2LZM,A,R119E,-0.06,4.80,46.90
2LZMA,2LZM,A,E128K,-1.16,3.00,47.00
2LZMA,2LZM,A,M102V,-3.00,3.00,47.00
2LZMA,2LZM,A,A129V,-0.74,2.50,47.70
2LZMA,2LZM,A,L133F,-0.26,2.50,47.70
2LZMA,2LZM,A,N68A,0.05,2.50,47.80
2LZMA,2LZM,A,S44A,0.44,2.50,47.80
2LZMA,2LZM,A,G77A,-0.20,5.90,48.40
2LZMA,2LZM,A,V131T,-0.09,2.70,49.70
2LZMA,2LZM,A,S38D,-0.01,5.70,50.10
2LZMA,2LZM,A,I3E,-1.72,4.00,53.00
2LZMA,2LZM,A,I3F,-1.02,4.00,53.00
2LZMA,2LZM,A,I3T,-2.15,4.00,53.00
2LZMA,2LZM,A,V131D,0.08,3.00,53.10
2LZMA,2LZM,A,V131E,0.20,3.00,53.10
2LZMA,2LZM,A,V131G,-0.68,3.00,53.10
2LZMA,2LZM,A,V131I,0.16,3.00,53.10
2LZMA,2LZM,A,V131L,0.09,3.00,53.10
2LZMA,2LZM,A,V131M,0.12,3.00,53.10
2LZMA,2LZM,A,V131S,-0.05,3.00,53.10
2LZMA,2LZM,A,V131A,0.30,3.40,53.20
2LZMA,2LZM,A,G113A,0.39,4.00,53.30
2LZMA,2LZM,A,S38A,-0.77,3.00,53.40
2LZMA,2LZM,A,T157I,-1.79,3.80,54.60
2LZMA,2LZM,A,K60H,-0.26,5.40,54.90
2LZMA,2LZM,A,K83H,-0.42,5.40,54.90
2LZMA,2LZM,A,I3L,0.77,4.20,56.20
2LZMA,2LZM,A,A41V,0.37,3.90,57.00
2LZMA,2LZM,A,S90H,-1.09,5.50,59.00
2LZMA,2LZM,A,I3A,-0.79,5.40,59.30
2LZMA,2LZM,A,I3C,0.07,5.40,59.30
2LZMA,2LZM,A,I3D,-2.87,5.40,59.30
2LZMA,2LZM,A,I3G,-2.03,5.40,59.30
2LZMA,2LZM,A,I3M,-0.76,5.40,59.30
2LZMA,2LZM,A,I3S,-1.75,5.40,59.30
2LZMA,2LZM,A,I3V,-0.45,5.40,59.30
2LZMA,2LZM,A,I3Y,-2.39,5.40,59.30
2LZMA,2LZM,A,K124G,-0.08,5.40,59.30
2LZMA,2LZM,A,N55G,-0.58,5.40,59.30
2LZMA,2LZM,A,Q105A,-0.68,4.80,59.80
2LZMA,2LZM,A,Q105E,-0.94,4.80,59.80
2LZMA,2LZM,A,R119M,0.00,4.80,59.80
2LZMA,2LZM,A,T115E,0.03,5.00,60.80
2LZMA,2LZM,A,N116D,0.47,4.60,60.90
2LZMA,2LZM,A,K16E,0.15,4.40,61.20
2LZMA,2LZM,A,N144D,0.39,5.20,61.20
2LZMA,2LZM,A,R154E,-0.65,4.40,61.20
2LZMA,2LZM,A,N144E,0.46,5.50,61.90
2LZMA,2LZM,A,Q123E,0.27,5.50,61.90
2LZMA,2LZM,A,R96H,-2.91,5.60,63.60
2LZMA,2LZM,A,I3W,-2.80,6.50,64.70
2LZMA,2LZM,A,E11A,1.10,5.40,66.50
2LZMA,2LZM,A,E11F,1.70,5.40,66.50
2LZMA,2LZM,A,E11M,1.60,5.40,66.50
2LZMA,2LZM,A,G30A,0.10,5.40,66.50
2LZMA,2LZM,A,G30F,-1.50,5.40,66.50
2LZMA,2LZM,A,N132F,1.30,5.40,66.50
2LZMA,2LZM,A,N132I,1.20,5.40,66.50
2LZMA,2LZM,A,N132M,1.50,5.40,66.50
2LZMA,2LZM,A,S117F,1.10,5.40,66.50
2LZMA,2LZM,A,S117I,1.70,5.40,66.50
2LZMA,2LZM,A,S117V,2.00,5.40,66.50
2LZMA,2LZM,A,C54T,0.87,6.20,67.60
2LZMA,2LZM,A,C54V,-0.70,6.50,70.00
2Q98A,3HHR,A,E74A,-0.95,8.00,20.00
2Q98A,3HHR,A,E74D,-1.26,8.00,20.00
2Q98A,3HHR,A,E74L,-1.01,8.00,20.00
2Q98A,3HHR,A,E74Q,-0.71,8.00,20.00
2Q98A,3HHR,A,E74S,-1.01,8.00,20.00
2Q98A,3HHR,A,E74T,-1.13,8.00,20.00
2Q98A,3HHR,A,S71A,-1.12,8.00,20.00
2Q98A,3HHR,A,S71Q,-1.37,8.00,20.00
2Q98A,3HHR,A,S71T,-0.20,8.00,20.00
2Q98A,3HHR,A,S71V,-1.26,8.00,20.00
2RN2A,2RN2,A,H114A,-1.87,5.50,25.00
2RN2A,2RN2,A,H124A,0.17,6.40,25.00
2RN2A,2RN2,A,H127A,-0.32,6.40,25.00
2RN2A,2RN2,A,H62A,0.44,6.40,25.00
2RN2A,2RN2,A,H83A,0.07,6.40,25.00
2RN2A,2RN2,A,I53D,-3.10,5.50,25.00
2RN2A,2RN2,A,I53F,-3.90,5.50,25.00
2RN2A,2RN2,A,I53L,-1.40,5.50,25.00
2RN2A,2RN2,A,I53V,-0.20,5.50,25.00
2RN2A,2RN2,A,S68A,-0.20,4.60,34.00
2RN2A,2RN2,A,S68G,-2.17,4.60,34.00
2RN2A,2RN2,A,S68L,-0.82,4.60,34.00
2RN2A,2RN2,A,S68T,-0.01,4.60,34.00
2RN2A,2RN2,A,S68V,0.70,4.60,34.00
2RN2A,2RN2,A,D10A,3.40,6.80,48.10
2RN2A,2RN2,A,D10E,1.04,6.80,48.10
2RN2A,2RN2,A,D10H,1.65,6.80,48.10
2RN2A,2RN2,A,D10N,0.99,6.80,48.10
2RN2A,2RN2,A,D10S,1.95,6.80,48.10
2RN2A,2RN2,A,D70A,0.65,6.80,48.10
2RN2A,2RN2,A,D70E,0.25,6.80,48.10
2RN2A,2RN2,A,D70N,0.89,6.80,48.10
2RN2A,2RN2,A,E48A,-0.23,6.80,48.10
2RN2A,2RN2,A,E48D,-0.05,6.80,48.10
2RN2A,2RN2,A,E48Q,0.15,6.80,48.10
2RN2A,2RN2,A,D94E,-0.40,4.60,49.80
2RN2A,2RN2,A,G77A,-0.90,3.00,49.80
2RN2A,2RN2,A,K91R,0.07,4.60,49.80
2RN2A,2RN2,A,K95A,0.10,4.60,49.80
2RN2A,2RN2,A,K95G,1.83,4.60,49.80
2RN2A,2RN2,A,D134A,1.42,5.70,50.10
2RN2A,2RN2,A,D134N,0.81,5.70,50.10
2RN2A,2RN2,A,Q76L,0.24,3.00,50.10
2RN2A,2RN2,A,Q80L,0.30,3.00,50.10
2RN2A,2RN2,A,K95N,0.89,4.60,50.80
2RN2A,2RN2,A,A125T,0.04,4.60,51.20
2RN2A,2RN2,A,V74A,-2.98,4.60,51.20
2RN2A,2RN2,A,V74I,0.64,4.60,51.20
2RN2A,2RN2,A,A52V,1.70,3.10,51.60
2RN2A,2RN2,A,V74L,0.97,4.60,51.60
2RN2A,2RN2,A,A24V,0.83,4.60,51.80
2RN2A,2RN2,A,E119V,0.51,4.60,51.80
2RN2A,2RN2,A,E135K,-0.53,4.60,51.80
2RN2A,2RN2,A,H62D,0.13,4.60,51.80
2RN2A,2RN2,A,H62R,0.22,4.60,51.80
2RN2A,2RN2,A,K117R,0.00,4.60,51.80
2RN2A,2RN2,A,R41C,0.33,4.60,51.80
2RN2A,2RN2,A,G23A,0.57,4.60,51.90
2RN2A,2RN2,A,D134E,0.81,4.60,52.00
2RN2A,2RN2,A,D134H,1.42,4.60,52.00
2RN2A,2RN2,A,D134I,1.07,4.60,52.00
2RN2A,2RN2,A,D134L,1.38,4.60,52.00
2RN2A,2RN2,A,D134Q,1.02,4.60,52.00
2RN2A,2RN2,A,D134S,0.79,4.60,52.00
2RN2A,2RN2,A,D134T,0.74,4.60,52.00
2RN2A,2RN2,A,D134V,0.83,4.60,52.00
2RN2A,2RN2,A,A52C,0.80,3.20,53.00
2RN2A,2RN2,A,A52D,-1.90,3.20,53.00
2RN2A,2RN2,A,A52E,-1.50,3.20,53.00
2RN2A,2RN2,A,A52F,-0.50,3.20,53.00
2RN2A,2RN2,A,A52G,-2.70,3.20,53.00
2RN2A,2RN2,A,A52H,-3.60,3.20,53.00
2RN2A,2RN2,A,A52I,1.90,3.20,53.00
2RN2A,2RN2,A,A52L,1.30,3.20,53.00
2RN2A,2RN2,A,A52M,0.50,3.20,53.00
2RN2A,2RN2,A,A52N,-1.80,3.20,53.00
2RN2A,2RN2,A,A52Q,-1.20,3.20,53.00
2RN2A,2RN2,A,A52S,-1.80,3.20,53.00
2RN2A,2RN2,A,A52T,-0.80,3.20,53.00
2RN2A,2RN2,A,A52Y,-2.30,3.20,53.00
2TRTA,2TRT,A,R128E,0.31,7.50,22.00
2TRXA,2TRX,A,C32A,-3.50,7.00,25.00
2TRXA,2TRX,A,C35A,-3.03,7.00,25.00
2TRXA,2TRX,A,D26A,4.20,7.70,25.00
2TRXA,2TRX,A,D26I,3.37,7.00,25.00
2TRXA,2TRX,A,T66L,-1.03,7.00,25.00
2TRXA,2TRX,A,T77V,-0.72,7.00,25.00
2TRXA,2TRX,A,L78K,-1.95,7.00,85.30
2TRXA,2TRX,A,L78R,-2.00,7.00,85.30
2TS1A,2TS1,A,I52L,0.10,7.80,25.00
2TS1A,2TS1,A,L105V,-3.15,7.80,25.00
3BLSA,1KE4,A,Y150F,-2.05,6.80,38.90
3ECAA,3ECA,A,S122A,0.96,7.40,25.00
3ECAA,3ECA,A,T119A,0.00,7.40,25.00
3ECAA,3ECA,A,T12A,0.00,7.40,25.00
3ECAA,3ECA,A,T12S,-0.24,7.40,25.00
3GLYA,3GLY,A,G137A,-0.31,4.50,30.00
3GLYA,3GLY,A,G139A,-1.40,4.50,30.00
3GLYA,3GLY,A,G251A,-0.14,4.50,30.00
3GLYA,3GLY,A,G383A,0.11,4.50,30.00
3MBPA,3MBP,A,A276G,-1.10,7.60,25.00
3MBPA,3MBP,A,D55N,0.69,7.60,25.00
3MBPA,3MBP,A,G19C,-2.15,7.60,25.00
3MBPA,3MBP,A,T345I,0.17,7.60,25.00
3MBPA,3MBP,A,V8G,0.38,7.60,25.00
3MBPA,3MBP,A,W10A,-4.31,7.60,25.00
3MBPA,3MBP,A,Y283D,-2.30,7.60,25.00
3PGKA,3PGK,A,W308Y,-1.06,7.50,23.60
3PGKA,3PGK,A,W333F,-1.88,7.50,24.10
3PGKA,3PGK,A,F194W,-1.12,7.50,25.00
3PGKA,3PGK,A,H388Q,-0.84,6.50,25.00
3PGKA,3PGK,A,L399W,-2.56,7.50,25.00
3PGKA,3PGK,A,W308F,-2.46,7.50,25.00
3PGKA,3PGK,A,W333Y,-1.13,7.50,25.00
3PGKA,3PGK,A,Y122W,-2.19,7.50,25.00
3PGKA,3PGK,A,Y48W,-1.62,7.50,25.00
3SSIA,3SSI,A,M73A,0.21,6.90,53.40
3SSIA,3SSI,A,M73D,0.69,6.90,53.40
3SSIA,3SSI,A,M73E,0.37,6.90,53.40
3SSIA,3SSI,A,M73G,-0.11,6.90,53.40
3SSIA,3SSI,A,M73I,-0.50,6.90,53.40
3SSIA,3SSI,A,M73K,0.23,6.90,53.40
3SSIA,3SSI,A,M73L,-0.16,6.90,53.40
3SSIA,3SSI,A,M73V,-0.35,6.90,53.40
3SSIA,3SSI,A,M103A,-1.13,6.90,75.50
3SSIA,3SSI,A,M103I,-1.01,6.90,75.50
3SSIA,3SSI,A,M103L,0.08,6.90,75.50
3SSIA,3SSI,A,M103V,-0.93,6.90,75.50
3SSIA,3SSI,A,M103G,-3.46,8.00,81.60
3SSIA,3SSI,A,V13A,-3.42,8.00,82.20
3SSIA,3SSI,A,V13F,-2.78,8.00,82.20
3SSIA,3SSI,A,V13G,-4.96,8.00,82.20
3SSIA,3SSI,A,V13I,-0.44,8.00,82.20
3SSIA,3SSI,A,V13L,-1.17,8.00,82.20
3SSIA,3SSI,A,V13M,-2.86,8.00,82.20
5CROA,5CRO,A,A36S,0.20,3.00,45.00
5CROA,5CRO,A,Q16L,1.40,3.00,45.00
5CROA,5CRO,A,Y26C,1.10,5.80,45.00
5CROA,5CRO,A,Y26D,1.35,7.00,45.00
5CROA,5CRO,A,Y26F,0.20,7.00,45.00
5CROA,5CRO,A,Y26H,0.95,7.00,45.00
5CROA,5CRO,A,Y26L,0.55,7.00,45.00
5CROA,5CRO,A,Y26Q,0.70,7.00,45.00
5CROA,5CRO,A,Y26V,0.45,7.00,45.00
5CROA,5CRO,A,Y26W,-0.05,7.00,45.00
